username,mentioned_counts
Zeldathons,263
Zelda_king13,115
tweetNorvena,87
DonnaVita4,87
Bonu19RC,87
Oh_Marie1,87
sithlord_zelda,87
MommaTwexy,87
A_Darya79,86
NiaNiam2,82
nerdist,78
KingCarlyle_,73
bonnietylerfan5,73
NadinFrog,73
Paula_McCarlyle,73
Anna55714043,73
UKLCH,70
cat_magic3,66
NGDAverk,60
drecksuser,57
Bee_Zelda,44
Mupf05YT,40
ZeldaUniverse,38
YungGlurak,37
KurzVorAbgrund,36
YungKermit1,34
Mynex_,34
JustVNTY,34
ZeldaDungeon,33
spiegelbro,32
nintendolife,27
DonBauero,25
yflexn0,24
ThiccerWaifus,23
kkamabr,19
_Queuetimes,19
OmarNajam,19
webargentarius,18
Ad2015Pasquino,18
AnnaRagosta,18
Zelda_51,18
joy_zelda,18
robe_marc,18
bb91687509,18
Fata_Turch,18
CristianCar79,18
PowerPlayRPG,18
NintendoAmerica,18
Agricolturabio1,18
roberto2_lamela,17
AntonioSassone7,17
DANZAMPY,17
ChaiKovsky,17
salcinz,17
Ylaylee,16
salfasanop,16
stefano_b_l,16
AuroraBlogspot,15
JVCom,15
AlliCamAllison,14
rbudd913,14
SarahSiren16,14
rumplewrld,14
Antonel56196938,14
zais5,14
ZachariusD,14
abibliophobica,14
Rumple12th,13
OndaCivica_EU,13
YouTube,13
bluepikachu387,12
der__oasch,11
zelda_knuckles,11
Makoto_0322,11
BetterThanOoT,11
ganzseanfresh,11
WizzardOfTime,11
Ganondoodles,10
timuchiiin,10
xFatalHeartz,10
benni995,10
MimiMerlot,10
brustmacher,10
mipha_zelda_,10
linkulinkufigrs,10
HMKilla,10
maliceguardian,9
zockertrottel,9
mitskiIeaks,9
Gemin1Lightning,9
Amelia2325,8
Skeezard,8
HitCockBottom,8
USJ_Official,8
GucciPepe,8
KoboldPress,7
MauriTheEdgehog,7
Courtney_Fay_M,7
ZELDA_1018,7
Syaba_mr_zelda,7
pahnita,7
disco_socialist,7
RobPlayinGames,7
Zelda_BOTW_,7
morispielt,7
RanguGamer,7
BestKindaWorst,7
TheNoirEnigma,7
Nintendeal,6
NintendoGameBot,6
EricRod_LYV,6
AlasdairForbes1,6
elonmusk,6
Chief117Br,6
GifZelda,6
_HavocSnake_,6
little_red_dot,6
JuanderfulJuans,6
paramitapapili0,6
Edson_Ribeiro,6
Dude48592534,5
tonymundinykk,5
ryanblm1234,5
MegaMania0,5
drisunshine_,5
TheJarrodAF,5
xstex,5
TheTonySpade,5
KellySillery,5
walmyrcarvalho,5
metallicsmoke,5
_CamGG,5
zelda__bot,5
AshPaulsen,5
FraanBMJ,5
linksfavorite,5
BigJoeySlaps,5
FredZolf,5
some_zelda_nerd,5
NeverSayYesPog,4
MuriloBiasi,4
Nintendoubt815,4
PuissanceZelda,4
TrivonikaDemary,4
sr_serpa,4
Rosie_Knuckles,4
karlsquackity,4
DoctorAmigo2,4
maobaby,4
wistfulknight,4
podcastress,4
jupy314,4
cinderlotus,4
PyroClaymore,4
TheMetallingOne,4
GenesaurusRex,4
TomGyroid,4
ImNot_Zelda,4
JonBaker,4
baauii,4
Zelda_Fortune,4
PenOfSmiting,4
Duda_Burst,4
bluestockingetc,4
Mario98625161,4
Scotland1509,4
getplayedpod,4
AcademicFoxhole,4
mudron,4
yo_zelda,4
OnThisDayGaming,4
The_Katbot,4
mohlalakabelo82,4
Nibellion,4
TemploDelTiempo,4
MercuryMenace,4
KabutoGroupChat,4
Thrasher_Jon,3
bigbaddybee,3
Zelda_Doyle,3
rob_ishi,3
Bot_of_Legends,3
ZeldaInformer,3
KatyxParry,3
PeterstheQuill1,3
KekeMaxJr,3
MalachiCaddell7,3
MarianneDHobbit,3
MartyBellvue,3
RPG__Nut,3
PlayStation,3
DaMiffinMan,3
Soundwaves1992,3
gamingbible,3
NESbot_feed,3
May_greed_2010,3
chas_mke,3
irrelevanterKek,3
Dragonskulldl,3
huffybigpup,3
monomiki,3
KaySaravo,3
PepperTroopa,3
jesusvlad,3
ObiJoann,3
equxls,3
Strawbunneh,3
BeBraesFull,3
Domtendo,3
old_orange_peel,3
ZeroKJD,3
Fae_TheUnicorn,3
MatteoDracoLeon,3
1,3
davidlasby,3
AdmiralAdorable,3
CuriousZelda,3
girlfromcanada,3
lazyknd,3
AdorableAsheQT,3
PSN_ElectricDC,3
AmiTheRobot,3
cubeyrose,3
JossJ0,3
spooneebard,3
MatttGFX,3
rockyrowland88,3
RealDealDiPirro,3
SkywardS_Ebooks,3
TopHatGamingMan,3
_ayasap,3
Leutilsa,3
bottleo_sake,3
tholzerman,3
Gui_RIFF,3
Hiraishin30,3
Pro_Superhero,3
_LovelyZelda,3
mamandiary,3
VideojuegosGAME,3
NOCTFALL,3
Real_DasGnomo,3
illuKez,3
hiddlenix,3
TetraTheThief,3
zelda_0830,3
keekeeome,3
davidbv4040,3
ctotheatherine,3
RanchHandjob,3
SoylentOranges,3
Nevergone72,3
IGN,3
itsahard0ne,3
caeluswindcat,3
promo_streams,3
Yeenmeanmachine,3
yeIIowafternoon,3
jkstar000_zelda,3
onikadrip,3
DullVivid,3
writersflood,3
sme_rt,3
ghosty_geist,3
fenturd,3
skeeney1990,2
SQGReviewShow,2
hermelamelo,2
JarylGaren,2
astromawu,2
JuliusUrsus,2
xDomsi,2
purrblind,2
TheSladeM,2
OneShotUDie55,2
ULTRAMEGAGUARRA,2
Mister_Greer,2
OkuriiYT,2
baut__i,2
Pixel_Powerstar,2
trendysoccermom,2
lportnoy,2
drawing_devil_,2
NerdyDeals247,2
KitchenConnect4,2
Cat222Duck,2
sameki1024,2
qtrcirclejab,2
journeys_ARPG,2
TriforceZard,2
ryan_rudnick,2
_Grillade,2
theclassicsgirl,2
RavenNamedRook,2
CocoMuir_,2
Kratogans,2
BiteDiamond,2
bpapa,2
chocomiru02,2
Twitch_RT,2
InnocentZelda,2
_MalevolentMal,2
SmallStreamersR,2
katoj036,2
xMYHATREDx,2
enterzalman,2
Frieddo_,2
deepspacehoobie,2
GeekLambert,2
SanderVhove,2
illicitlisa,2
Argumentable,2
Poshmarkapp,2
Azurexis,2
monkkee_,2
ReadyJohnpaul,2
Lord_Arse,2
BommelHasa,2
deadstill666,2
travic626,2
Dravencore210,2
vodkasunnyd,2
So_Ethereal,2
Sd_nags,2
MrNunesteach,2
albert_valo,2
dolari,2
ClementPanchout,2
sebbourgeois,2
Y4M7GUCHI,2
TM4NESS99,2
eBay,2
mrmatera,2
SorenAudron,2
Fingusa,2
ChelseaPlayed,2
schmo5by,2
GrandPOOBear,2
tkbryant74,2
heathercampbell,2
thehfmr,2
theversions666,2
BrasilGameShow,2
awk_raccoon,2
WheezyC_,2
dbk_wong,2
SnackarGoja,2
TriForceTits,2
ThirdEditions,2
TachoSaid99,2
Mudloop,2
AbbacchioDonut,2
Play_More_KOF,2
1chidoh,2
ATRociousFuBear,2
FrankieJesstein,2
ValleyFrontier,2
soepliefhebber,2
schmiddi090,2
anarchyKaos666,2
MxNintendo,2
ChiaroBen,2
AlexLight23,2
MesOPKenPMA,2
SMetaldave64,2
robsgameshack,2
RamielBestAngel,2
socialstudiestx,2
tika_tops,2
AndrewJMagee,2
Emulateurfr,2
the_regressor,2
KENisbg,2
Deebeegeek26,2
bowen_tim,2
juansito_a,2
Aktiemaskinen,2
jorgeytrueno,2
InfernalTee,2
zelda_link,2
matstarify,2
DKOldies,2
TheHamTornado,2
AdriKyo,2
TracedThurman,2
meer_mel,2
godfree,2
FightingLeprec1,2
LadyCassandrina,2
knuckles_8,2
Sfar_Ssbu,2
Vidya_James,2
Cantonasghost,2
miyatkun1,2
chrisxchad732,2
UltraHylia,2
pipabethenjoyer,2
_Shergiock_,2
ProdigyParadox,2
McBiggitty,2
Hungry_Adnan,2
mrbravo365,2
theblueminegirl,2
trforceprincess,2
RivoDiego,2
Zeldathon,2
supergames2x,2
dctr_binary,2
PandaKami17,2
SimpingDahlris,2
ParkerMaeASMR,2
taennielink,2
wizarducks1,2
MaxxenGoal,2
NoResetSpeedrun,2
Paraleea,2
samon_Link,2
Blun_Zee,2
WojtekWitowski,2
superion_57,2
BurningDK_Vlc,2
Espe1980,2
Win98Tech,2
rickybo83673897,2
JarettVs,2
Iceblader20,2
danctheduck,2
Bizcuthammer,2
A_Wild_Seri,2
Silverjojo08,2
FartShartly,2
chancepatrickk,2
NHorologiumRPG,2
ZELDATheSinger,2
Ty_Foxface,2
Zelda_Zonk_EC,2
That1JakeGuy,2
bryanjedi82,2
reinersgoatee,2
ericroberts43,2
FNBRLeaks,2
omakebooks,2
Twitch,2
katastrofree,2
TheNebulace,2
milfgomez,2
MiguelWrites,2
AppaSamurai,2
SpamOManOSpam,2
Agent6711,2
NyxTokyo,2
Shonenboy_,2
BlazedRTs,2
Zelda_chairman,2
Keegmania,2
madbaldscotsman,2
Xavi_MK,2
ChrisMonan,2
TransSalamander,2
sckbounty,2
rumbotwitch,2
FortniteGame,2
Kiraa_one,2
LordShadow27,2
Casual_Lobster,2
cactuskash,2
SupeerEstrada,2
FullGhoren,2
dead_astr0naut,2
MainframeGames_,2
XboxNaticos,2
ABS8185YT,2
PlushMaker400,2
Saxlink95,2
potato_death,2
wtfmig,2
bunniecooper,2
LouBagelCombo5,2
kymerakorpse,2
IvythePriest,2
TitlesBot,2
RawkHawk2010,2
ComicMitchJones,2
Ferdk,2
EnderGirl0110,2
BDanubien,2
AlexJoestar622,2
AmazingDJDustin,2
RMDCade,2
aIbedokisser,2
studio_cascade,2
necrolipe,2
xPittti,2
IcebergSynth,2
Doctorfriki1,2
killjoy_warlock,2
LabsSkull,2
Pepe_elpez,2
marchiarten,2
BagarraoEduardo,2
rtsmallstreams,2
SquareEnix,2
Tempestar24,2
madisonbeer,2
minecraft_woman,2
theWellRedMage,2
gillythekidYT,2
EizabethElliott,2
oKakaVieira,2
therealFrankieV,2
Dylsponge3,2
JudoChop80,2
MomOfAllCapes,2
vingadorbrambz,2
wookie606,2
SharOverHere_,2
GamingReinvent,2
KOPURISTA,2
CalexTheNeko,2
Nano551,2
NintendoUK,2
n64controller,2
linlinkkkkk,2
DreamyWarrior00,2
vsartorio,2
Ashenwave,2
SimpleFlips,2
Jotaru_Josey,2
LennyBoy_txt,2
RinconFortnite,2
TheRunePony,2
ZokeMPDDaughter,2
spacehuskygames,2
_4r7h,2
VGFGamers,2
akaGustavo1,2
alemaunzinhuu,2
hipsforbuckin,2
RetroBoyJon,2
miphacutiefish,2
missbecky_k,2
CandlesauceYT,2
OddSocksDev,2
MHiretsu,2
radzero83,2
SimonJakobsson,2
The_Elite_MYT,2
Guld_TLC,2
TheThirdKindTTV,2
ToniTramontana,2
azelofvelthomer,2
storiofmylife,2
zelda_daqueen,2
WynkoopEmily,2
KPTTownie,2
KxBerserk,2
heyitssyd28,2
ZOMMBiiExG,2
spammegsubi,2
BellarDelik,2
Pine2Auditore,2
probablePenguin,2
oatmealraisnazn,2
AishaBlackHO,2
WGGPapaDom,2
PixelShorts,2
Iggor_Ahrends,2
robinmaypanpan,2
UltBombSquad,2
AlphaOmegaSin,2
lasizwe,2
dollyplays_,2
Evil_Antho,2
HeyListenGames_,2
MhaActuFR,2
roms2332,2
gamesyouloved,2
kuyarizu,2
lavorric,2
toronai22,2
soy_tricycle,2
blu_vs,2
TeckelZelda,2
TannersArt,2
autoautism,2
moldyclay,2
alexdarknight82,2
oliv_o1l,2
zelda_myers9,2
SolaceAndDread,2
Nahytmare1,2
SarahJaneAvory,2
owlcitizenluis,2
jesush1979,2
TAHK0,2
lepsgo_,2
JellyfshFortuna,2
vercevil,2
Drillimation1,2
UkMeho,2
marmastry,2
doodleonmargins,2
axman4711,2
john_waaade,2
Coldzero17,2
AreiaLCarroll,2
henneld_edu,2
The_Real_Heffe,2
Marshamouse_,2
X_Leven_X,2
mightyyshrimp,2
wayne_emanuel,2
luca_starks,2
horse7freedom,2
EpicManectric,2
bunnypierrot,2
omegaro,2
SuaveVillain,2
twilisita,2
Muffn_boi,2
metal_hera,2
NovatosTwitch,2
EvoHannan,2
ownnnwo,2
Megasan3,2
boomslambritt,2
BarritaDePinia,2
MrRavenclaw95,2
BLAZINGKNIGHT50,2
ScowshMolosh,2
ColfdraLegend,2
DouggernaughtTV,2
Warbot400,2
K0ngBuster,2
jinjatea,2
Archlord_Haku,2
CengizMan,2
TrinityBruns,2
stardewmochi,2
HyrulePod,2
ResetEraNT,2
thedatty,2
Sami_Melody,2
YoKaiKingEnma,2
ChaiPanDuh,2
fluttergutz,2
therealtakarita,2
thereplicant85,2
awildjessichu,2
derrickg1126,2
tlachingon,2
osugamer69,2
SkeemSaam3,2
TheeCosmicQueen,2
CaixistaV,2
NaZyrus07,2
Ex_Mosquito,2
GluffOfficial,2
EEgg39,2
MKStayOnTarget,2
FreckledRanger,2
RGONZALEZ1978,2
jellyscare,2
smog_fog,2
PastorXbox,2
ProZD,2
ShrinesLegacy,2
GabrielWars,2
ratsoalbion,2
mr_isaacs,2
Mack_Attack22,2
mystery_zelda,2
PapaKennMedia,2
SGH_RTs,2
JoeCoolXbox,2
itsJoshualive,2
FEARLESSCHRIS8,2
Rapid__RTs,2
VivSquatch,2
MarsStudio1970,2
gng_ssb,2
jzpfplaying,2
PKLemonZ,2
NysyxTwitch,2
EniLyart,2
MelodicPace,2
xMANGEMORTSQUAD,2
MainframeCore,2
MahDryBread,2
WillyG_21_,2
Lemon_Zelda,2
sosotruco,2
LyricOfWisdom,2
geoffkeighley,2
Rhoam_zelda,2
eno_games1,2
Lapowski,2
LAimee76,2
kinkymation,2
CreatorFm,2
Tiu_JowYT,2
Tearastar,2
maryann2573,2
FFXIV_Suki,1
PatatahSwag,1
bobaangelos,1
SexiestViera,1
absolutely_luxo,1
otto_de,1
Tuddcarol1,1
DarkAspie,1
hahananoyo,1
ViiMorteArt,1
HunterHolcombe9,1
OCharleys,1
ETGers,1
Totti619,1
luthorkarazorel,1
Vash4e,1
Alvarosbsn,1
priime25,1
reynn92,1
LawrenceWriting,1
unclegamer1,1
PatientlyRaging,1
Italian_Hobbit,1
KofiAmankwaaJr,1
solohealer,1
BandanaDeeSSBU,1
TLoCam,1
dontstopfightn,1
LordCalo,1
carzavol,1
rainily15,1
SigittaNew,1
brischeese12,1
kianamaiart,1
DavidRampley1,1
KingLucario448,1
AstroSky15,1
PeriPeri_42,1
erncrossing,1
Ozz_Mejia,1
SpaceGothKitKat,1
gumchate,1
NevermindMach,1
martinmattl,1
waterloumiller,1
TempestMonty,1
Im_notafish,1
little_chibs,1
picorilev,1
Zexxios,1
Hiino100,1
kriideluisi,1
SoyOjoker,1
SophieIsMid,1
NINETIESWITCH,1
kmartt10,1
beetle_fucker,1
questingbunny,1
Rodrisen_,1
gameandglam,1
ChampionZelda,1
Cureoflove,1
SykesCharlie,1
ellle_em,1
AlieLerArt,1
benac,1
pixeljadeart,1
Scifi_SpaceTech,1
shinjiyamane,1
HummingVixen,1
cletus0297,1
itssobadpod,1
KotatsuAkira,1
LookoutBrdcst,1
miguel97mtz,1
Gugalizando,1
GrantsOnGames,1
Skyze09,1
zelderfreak,1
LeoNeedspie,1
S_P_Burke,1
PennieDPortgas,1
ghiblicuIture,1
JonyRamirez_,1
milkytanuki,1
that_Deus,1
twitchpr0mo,1
LyraStarcaller,1
lyuude,1
LordValTwitch,1
SamCherry735,1
timtomsama,1
Eevoxx456W,1
Pro_Panda_Plays,1
TermNerdy,1
markankaro3,1
CGCentralHD98,1
maaarythia,1
dargon_dargon,1
manwhohatesfun,1
larsamatsu,1
SquallDawg,1
adavaco,1
BrianVaughnVA,1
Its_JustLynn,1
minister_gold,1
I_Sempiternal,1
stocjia,1
KilobyteKeith,1
faithdrawsmoore,1
PozziSoft,1
cosmashanti,1
GoodForxYuux,1
aleximouche,1
StabbinsMcGee,1
DreamsInk92,1
onedoreeto,1
thebuckeyegamer,1
shantakutyou,1
SabinaNoRxp,1
Xeknos,1
Retrogamebrews,1
RevedTV,1
GamerShory,1
_hunterpadilla_,1
FRESHEGOKID,1
WEAPONYZ,1
IGNitalia,1
juliahoek_,1
GondolaHel,1
dangerdougyt,1
Txabier,1
JLerogue,1
glomestown,1
SereneDragon3,1
Twwotaz,1
BryceC2000,1
BIS3XUALISM,1
VyriaDurav,1
Mime_Jr11,1
intuXanadu,1
paraspectre,1
LAVEESHA_,1
Tarkanome,1
Konanthehylian,1
RoysOurBoySSB4,1
gnarcader,1
Lunaria961,1
GlaxyDDR,1
JVGM98,1
sphealynn,1
t00frazzled,1
IzzyOnYaTL,1
Ibiceus,1
bakuohs,1
spideyfan42069,1
JasonEarhart2,1
Melancthe_,1
Dr_C_LOS,1
JacksonLennox3,1
Swillillilly,1
fearthenorms,1
NaukoNSFW,1
KazanNeko,1
MusicZelda,1
KinitaArts,1
CrispyDm,1
Vohris,1
PiundMmel,1
plumb0bcrossing,1
KioRaka,1
AllBlues2020,1
BreBre_kun,1
Channel019,1
wlw_yearning,1
ProfessorNerdly,1
LyssLyss15,1
TheGreatMoltar,1
paolaramone,1
AlexMichnowicz,1
Baste_bis,1
LouLouCoreSR,1
Charsfx,1
BluZ_Bird,1
FENNECPARTY,1
BitchImFatJesus,1
Iowpoly,1
MatiJeCrois,1
UNIQLO_France,1
npcmx,1
loogi_07,1
cassioppe,1
goblinoctopus,1
Gears_Of_Magic,1
ErlexSaiyan,1
medievalhistory,1
joethom40668470,1
ACinthe715,1
KnightoftheLP,1
BadGameRJ,1
Kiphagames,1
moonchildstkn,1
KrezOfTheWild,1
yaoibunga,1
3DWorldMag,1
KAdantchede,1
_Freyja23,1
Havas_Events,1
ofnrstudios,1
TeamTheStorm,1
AdrienValentin3,1
dawnandstars,1
TLoZeldaES,1
LeSeulFleo,1
zackreese,1
bell_ripper94,1
Falipay1,1
taball1,1
Selesny,1
James_Librarian,1
ALfairhousing,1
32XWORLD,1
Gungnir626,1
ahrtista,1
JNButlerArt,1
ElphaReads,1
MystiqueSiren,1
ademirb21859727,1
RxngelDiego,1
SanShou12,1
thejustryan,1
_Dayspringg,1
JamesAReillyMus,1
ImTheUs3r,1
Luke_logans,1
Uri_ELOY,1
ChumblesFluffy,1
ColetteFreedman,1
RossVarner,1
_pedruto,1
SurkiTV,1
NaviJenkins,1
MadCatPersonal,1
Chaosriders,1
ZenkoLespadon,1
brandcodedesign,1
monkqn,1
natashouu,1
youngkid9,1
majora_rebel,1
SuperMegaTrev64,1
charlinful,1
RoXtendo,1
evantually__,1
MaryEllenKatz,1
hispterkyooko,1
Guccimax0,1
fuegoymar1,1
Abejita_love,1
Alluminor,1
NoSleevesGaming,1
Sornimmos1,1
H3yo__,1
NintenZ,1
DiceStew,1
AivanSwitch,1
YoshiGM,1
VintageVanburb,1
doofus_dr,1
Spicetag,1
93rachel_,1
bussyking69,1
dudski,1
DragonFestival4,1
CollectNintendo,1
croatcajun,1
AlolanRaichu92,1
FluffyOfTheMoon,1
oshuaj,1
53_zelda,1
Bibblebobert,1
FabricMagpie,1
HomemakerSudie,1
EdgevilleG,1
JoyKillB1ll,1
HorizonUnion,1
jbell9615,1
WBVRich,1
Linksliltri4ce,1
XeroxCopycat,1
raidenbestgirl,1
DAMI_CORE,1
JuanSoloWing,1
KitosTV,1
XinguIarity,1
kalimonstar,1
j_fuentes55,1
vrf_rotondo,1
Fehnnis,1
schroedingerBox,1
Evil827_,1
tarantnla,1
AndMelee,1
GregoryEstall,1
predadoalfa,1
ChristinaTasty,1
CageJRPGFanatic,1
IsabelleRaven,1
LoserMLW,1
sleepytimeposs,1
MannoXv,1
Reem_ib16,1
Axelblvze,1
AlexQRyan,1
drummarico,1
scrubicius,1
ghostblade1999,1
kazuleaves,1
itsmuffy_,1
Sharito742,1
HylianReaper,1
terraknight23,1
RetroplayerOne1,1
NENE_CRATER,1
Spartanforlife,1
Mr_whistlepig,1
srpepe,1
JusticeLeague,1
DiabloSensei,1
JJtheEnton,1
KazinWho,1
minion_east,1
PMGPSW,1
R4CHELRO1H,1
RafaGimen3z,1
NeoGAFThreads,1
gabrielaperes_,1
Kamrom,1
billyK___,1
rshunter88,1
Valxea,1
The1llusiveMan,1
KRoolKountry,1
bry10022,1
TimelessHxro,1
LegendofRebekah,1
SandyBeachJack,1
jakefriend_dev,1
goldeneyedxaela,1
CammyWammy0507,1
TruGiffers,1
TheWolfking_29,1
LazarusTRP,1
TheCrossingMio,1
zelda_0001,1
news10nbc,1
Hares_Forwen,1
PatrickHimself9,1
eniyoutubermsm,1
Hbomberguy,1
BBCNews,1
Aplica_Marcao,1
KawaiiMariaUwU,1
Press_B_Studios,1
frankisame,1
csjorda,1
draconetto,1
zelda_player_10,1
cjelskerlink,1
Renart_Dioramas,1
PunkishRiot,1
tpose_len_sim,1
petercaldwell,1
TwitchDE,1
zelda_mcrae,1
hlgkxticlyv,1
Freenicius,1
streamr_es,1
Tony_RDTN,1
RyanMichero,1
Aimeestrasza,1
OneStepAheadd,1
juanmi_talent,1
Fenrir12371,1
BenjaminoW27,1
SaltwaterShard,1
rodrigocoelhoc,1
bakapawn,1
xaiirofreaza,1
chidaboomer,1
nightcrwlrs,1
HootyhooCL,1
ohnur_7,1
bigthemama,1
iamzvr1,1
miiscara,1
AShadowLink,1
nani6400,1
wannacub,1
CDHCast,1
willy04,1
Parachutin_Link,1
_MissClick_,1
wafflesOmega,1
XeroTek,1
VitisSweets,1
KSASMROFFICIAL,1
lamerecaduc,1
Anne_Hidalgo,1
EPluribusUnumYT,1
AxxRess,1
HeyoSatsu,1
RandomName256,1
VanceofJourney,1
ExplicitJohnson,1
KyminFriends,1
UmbraTheHero,1
soulkibble,1
Prein_RS,1
Longplay_Games,1
RhapeSeuhans,1
MST3KOGamers,1
ADARKDAYWRITER1,1
sunuala,1
killuanap,1
jmiani13,1
Darkshicreation,1
MelodynoKakera,1
_wishcraft,1
ovacionweb,1
CatharineHoey,1
TheeBrianJ,1
ToshiroHyuga,1
MagicalRhombus,1
TheAnomalocaris,1
MacchiatoLeMeow,1
IRender3d,1
GBASPGamer,1
Sefsef_BJ,1
spaget_boi,1
ultr4nerd,1
Miss_Emegemar,1
LeMisteriorsous,1
Matsuuzo,1
IsolateAndChill,1
DocOwer,1
rosecolorboy,1
Stealth40k,1
ODellHarmonJr,1
Smileydude689,1
boi_dish,1
SaltyBucksInc,1
StrMune,1
AdamPannel,1
Ulcrim_,1
GrayDayStudio,1
Jorphdan,1
ben_alterman,1
xbox_awesome,1
johnswayze9958,1
LisaHignett,1
Bleach_Bae,1
MrJoeWilde,1
JCBLPs,1
howlofdawn,1
vriskacoded,1
orcamist,1
W1tchin,1
RyanMattson_,1
matthew70798,1
Promo_Twitch_RT,1
alexc_velo,1
parker_rawrs,1
AshBlossomx,1
abyssalcowboy,1
RadicalCapitol,1
DonaldMustard,1
z_y94ger,1
fruiteyloopz,1
ZackMorrison18,1
Stenzor798,1
19myle,1
fondaisferal,1
VyperBaby23,1
Shiyonasan,1
RNinjask,1
Velberan,1
betocreativo,1
ChiggityChives,1
DantChild,1
tadtones,1
QvorumN,1
RogerEC07,1
StreamsEspanol,1
Kike_dleon,1
bratspeedruns,1
Daveyo520,1
good_knights21,1
Julien_Lesieur,1
DXNVSTY,1
jthacker785,1
TheQuinnsFavor,1
CavernaGamer,1
HatchlingDM,1
DiegoKermit,1
gamingislifexox,1
jamiejjoan,1
daraxpon,1
GaneneDaGriffox,1
AlexRochonVA,1
zomboio,1
dotjretion,1
BabiiCrittle,1
ShonaAdventures,1
RuggedTheDragon,1
Crowmiks,1
_pure_1,1
LadyofPineapple,1
XC_Gallego,1
rhiannonbluebab,1
MakoModding,1
F_ScottFitz,1
ShakeNBakey,1
NeedthatAftussy,1
Miketheswan,1
3dsKnight,1
DavenTylerFultz,1
stein_cami,1
mitchprime,1
AustinFabejenko,1
panda_brady,1
manjirv,1
sxmi_casa,1
Buriii__,1
TheStarWarz,1
Eric_surette1,1
LivroArcano,1
TheMasterSword9,1
Grungeloved,1
Kuniotchi,1
superolimacwrld,1
NicoVirgile,1
massimozampini,1
speckleofdust,1
Fearlessdevilsa,1
ChallAcc,1
hardfkntimes,1
EsterMadRip,1
saulnipolz,1
yongriff,1
betina_forbeck,1
Tsuki_Nova,1
milshekas,1
4everblessedd,1
outfortune,1
ZeldaChronicle,1
cyberjobmentor,1
carolianna_,1
gvtr0t,1
ganberin,1
Keanu_uwu,1
iPopoffTV,1
ephemerisfiles,1
128_Commodore,1
leonhartcosplay,1
Nintendrilo,1
naomentiu,1
Goth_Zelda,1
HyrulianJulian,1
matt_crognale,1
baptiste_fx,1
Its_Philch,1
crossingcolleen,1
MAGlCVISION,1
WildlandsGG,1
thegreatestpyt,1
caripeka,1
Prim3LoL,1
Robot_Rock25Q,1
FistoftheWind,1
HerielP48,1
OrdonianWarrior,1
McNallyRoberts,1
KingofJacks86,1
BombchuLinksona,1
DaniCanovasLoto,1
WZows,1
viccaninvest,1
emkayess,1
link5469,1
cluewoof,1
Supostus,1
Anpumon,1
liviasaliba,1
I2compoze,1
HedaSpycha,1
Fresh64_,1
sapphicstirling,1
gabbyacnh,1
GenshinImpact,1
umbreon_shining,1
silversoundz,1
fwhite319,1
lilly192s,1
playtoniaEsport,1
ENHYPEN,1
paraguayimport,1
KungFuMan316,1
dickiesgrayson,1
9ofswordsgames,1
TheMissingYink,1
JoshCloss,1
SheikavOficial,1
PixelHunted,1
lunarhiccups,1
EldritchBlack,1
OxyVideo1,1
Mordazio,1
lysihtea,1
heIIpuppy,1
JubesNot,1
sevverren,1
la_usurpadora92,1
Xocoroll,1
Star_Kiing,1
xParapunzel,1
zaphern_,1
chiknpoodlesoup,1
GameOverJesse,1
mimishiro,1
_tARTan_man,1
dr_davidsanchez,1
TerenceMcDona14,1
TheArbulu,1
fatgodass,1
8PercentErik,1
WadeDMcGinnis,1
OlToons,1
kristenmingl,1
SebStrife,1
LunaLoonah,1
LegitReed24,1
MisterDanteTV,1
Tru_Lil_Joker,1
Kiraofthewind1,1
AldenEtraWrites,1
_KittenIzzy,1
imklubb,1
pulsfeuer,1
StormBreakerTV,1
misteruplay2016,1
Kleiniken,1
ruru_art96,1
inel,1
FGC_Qiom,1
JEVlLtheguy,1
StablerPond16,1
BigDilGamer,1
ArcturusChusky,1
Yugo_II,1
GARVI7na187,1
McSkirt_,1
lIJCThorntonll,1
StumpsMuffin,1
tmanusaki,1
Kman_CZ,1
_billy_martin,1
FettTag,1
sweetcalves,1
MercurialMiss,1
inawoodenhouse,1
JZPhilosophy,1
MichyCaniz,1
Kamitsu_Jaffa,1
lucas_yeti,1
rainbine94,1
FireFistJonny,1
SlyFoxHound,1
Suda51,1
SpectralAurora_,1
MrViPR,1
mad_whovian,1
frecklewishes,1
JRico_32,1
catboytatsuya,1
RdotChadha,1
GotoGothelf,1
legendofthicc,1
Ciely55133754,1
TLGDoesThings,1
JooGilmore,1
Musetrigger,1
jaaamoinnn,1
gwklein75,1
sporkyreeve,1
jackandsomegecs,1
none_ofbusiness,1
alicedembowsky,1
Personguy242,1
PushDustIn,1
teamcoachella,1
nthnvn,1
Indestructoboy,1
reese_jackson12,1
GizwuRach,1
ThatEmTiOne,1
DaniTaboadaL,1
magpieaj,1
Romojr50,1
allennfantastic,1
ingenexpert,1
HyliasWisdom,1
TheNCSmaster,1
YumaVY2Bot,1
ciatokins,1
masterpigYT,1
Getupkid1284,1
BarbeXceed,1
Cloverzkitcat,1
Luna_Pixu,1
Surturfdp,1
YXURITR0V,1
DarthGuyford,1
The_NiggaPocoyo,1
Ezelf101,1
SnackzWWR,1
NathanPurcell56,1
isandwatch,1
HipHarbinger,1
Fermagna,1
8no3ka,1
honeybakedtea,1
Saruchango,1
BeLucina_87,1
__fendetestas,1
Nozem301,1
BraveTheVault,1
Tabbychu,1
CStrable,1
fdpdu38,1
NateMing,1
TempestDriver,1
KrevzzSSB,1
fleur_de_LA,1
Fomar0153,1
rayofsunshan,1
NikkoTheCurious,1
StevieG19,1
RosweeSon,1
max_ellendale,1
RoadoutGame,1
olliedaolive,1
Silver_00700,1
Awilamunchi,1
SinDeath_,1
JayLegend87th,1
LickVanDyke,1
Paddypuuh,1
t_pollo,1
ellie_tanuki,1
Spectrumbots42,1
hosytama,1
JuniorLockz22,1
samwise495,1
WhiteMageJenny,1
GayVinJackal,1
Kennyeustaquio,1
cell_0801,1
Mirsanxo,1
WisdomRain_,1
awintory,1
MrNantendo,1
GMarrades,1
T_Sharp50,1
kaytea48,1
SirLucienGaming,1
Torteweeenie,1
CosmicMinun59,1
carel_angel,1
BubbleKirby77,1
dthmtlhrmt,1
OliZombieweasel,1
SolaScientia7,1
Ninqueso1,1
Sherwood361,1
Fishfriedcat,1
un_mauro_mas,1
TheCTeamPodcast,1
SarahHooker,1
Asensii20,1
TheHawkAbridged,1
ZeRoMMX,1
Lt_Stardust,1
ORAKOLMUSIC,1
charliejane,1
papajoueur_,1
LegendofZee,1
Cascadena,1
AndellJonh,1
9000Riot,1
ShisuRandom,1
YEERKPEEL,1
chosenjeremy,1
iLeiro,1
tripleyaku_man,1
mrqz94,1
KillaMcGilacuty,1
KamuiGakupo_F,1
Pearl_Zelda,1
oSeabass208,1
redagainlol,1
alexisvalarr,1
ROneOSix,1
TylerMalicos,1
LdOthilia,1
MarcialC,1
YaBoiJoel96,1
bruhorhiiii,1
FlameExists,1
_Doormouse_,1
ElAmigo_Piedra,1
nintendofac,1
boombooshoot,1
YetChannel,1
atalibadn,1
kranchdressing,1
sergentknox,1
doodybeardLIVE,1
PeterLescaille,1
DonYagamoth,1
balawii_,1
Flooofy_kitten,1
jordanlynde_,1
Mewtime_,1
lakehylia,1
PNPGames,1
rygarde,1
JustinWicker,1
sonofblaine,1
LayneNeko,1
weather_horse,1
LVMH,1
StardustBean,1
AlanDefibaugh,1
Sarah_xr11,1
magneion,1
JohnWPattee,1
Megajon110,1
MsStefaniTV,1
PureGreenBlood,1
zeldacrush,1
samansu21,1
cherrybobombs,1
the_homebakery,1
unknownkadath0,1
overlord_king,1
FAdvenae,1
yeah_jaclynn,1
O_lixone,1
Wyndygo,1
Mdwg59,1
Olimp_SA,1
GrizzlyBrew_,1
Scoulios,1
JudiciousAlien,1
Pawel_Luki,1
hallwaygamesdev,1
uttmarvelous,1
NamiizuTTV,1
MoniPandas,1
danidurantula,1
prime_retro,1
Ellie_Snake,1
TerminalMontage,1
skipperrocks25,1
KekoKid,1
hojasecafrank,1
IStanGanondorf,1
nescartridges,1
BereniceDiazG,1
DNAP13_,1
roboburrito,1
itotallyagree0,1
Einsiety,1
woolimusic,1
F_The_System420,1
Zillo_X,1
DirtyCheetah91,1
NinWire,1
AntwanTheGod,1
RamenSymbiote,1
GoronGuy123,1
StreamersApoyo,1
afrocommunism,1
Loufbread_,1
DemiDragonborn,1
SchneeMeadows,1
lizarnost,1
baXschi,1
JoeSchermann,1
GuinnessION,1
_pavornocturnus,1
zavvi,1
JaseThomasYT,1
PRIMESPEED,1
PhantomFalconSB,1
slicedbagel,1
madamgazel1,1
BgRdEngineer,1
lol4zzz,1
Precocious_momo,1
Mett_Moir,1
Danksodas,1
VenomKitetsu,1
sirclinksalot,1
LumaMariposa,1
_Corvi_,1
LutherLittle10,1
Retr0Squid,1
Gael_Vulture,1
De_Assis98,1
RoseyMoogle,1
DarkAuraChannel,1
ZedoxPapaia,1
sucrxses,1
jcrawf74,1
s1lverFoX,1
_TheAlarmClock_,1
sebaXhvnter,1
DragonfireDRG,1
ImZ_yt,1
MoonPaladin,1
leeesoe,1
pizarrinha,1
EnnaMdl,1
Gaawachan,1
mattp393,1
Carsonogenics,1
grossanez,1
SirWillisIV,1
_sugarmoonlight,1
MarcheX800,1
KeatonPrime,1
crumbly105,1
ugly_twt,1
SkyloftSword,1
Squiblon,1
SM_Horseman,1
OmgMoreJames,1
Trish_Bogart,1
tinkertown,1
blackhey50,1
kalufurret,1
bagel_chris,1
LittleBobbyTV,1
Haniyadhaniya,1
Blueeyedatlas,1
2170cell,1
artbyjacstudio,1
VicenteAlmerich,1
YourDudeAedus,1
chimpchilin,1
roccozoom,1
clearofthedoors,1
indigojinjo,1
TheLarchive,1
emiratesbailey,1
notsoartistic,1
SrirachaSSB,1
ioiosano,1
ritsuka_,1
Lexingtonbanner,1
TwilightSenpai,1
tf2fanboy_,1
SeaShepherdFran,1
GTYouknowit,1
barkbox,1
piousbody,1
AdrJS,1
jadeofIan,1
HGemsReviews,1
sammy_i_am26,1
sabrinanetflix,1
ryd3r_96,1
MefostFernandez,1
Moncler,1
MontiporaSetosa,1
zeldacw,1
DaRollinStonrr,1
CarlaZambelli38,1
oopimp420,1
ttttom23,1
rustyrusk_,1
CadenitaGT,1
Skyster2020,1
thegam3rkit,1
aubarista,1
bulldogchess,1
kyute_krissy,1
AlterPichu,1
lucasGo_art46,1
what_the_heath,1
ThPersian,1
zwind95,1
GyrosGoethe,1
Zausenn,1
GenmaTheSamurai,1
robotspacefish,1
Unapathetic,1
thatfunkywizard,1
fitz__bot,1
dvorak,1
retrokuja,1
Mapashe01,1
cabracabral,1
hoochiepapa99,1
neunzehnn_,1
Vicas3,1
ChallisIOW,1
SquidMechanicus,1
sxturnvhs,1
NatalieeCatalie,1
rams830,1
KaloKeru,1
SNogg3,1
RBCBrandiCFP,1
SombraSST,1
itsMarticle,1
vondarlours,1
Slonbn,1
unity3d,1
MarzDead,1
smol_Joey,1
malm_magnus,1
UTAUWillowBot,1
raetara1,1
animetwunk,1
TGA_Geekdom,1
duckvalentine,1
knollzera,1
blackantivenom,1
musicomp83,1
SeanMadson,1
CriadorMago,1
GayHorrorGeekCT,1
paysoon_,1
LucasMoll,1
curranrice,1
dorquoise,1
wlwqinq,1
Guide_Sorcery,1
soygendou,1
amoymon_,1
GhostRooster60,1
SeanMason96,1
SakuraSamurai5,1
feeshie_,1
Zumatramo,1
Bouzyslol,1
GiantSquidology,1
azurephoenix818,1
ForetellersL,1
NoContxTweets,1
jaylemonfer,1
LaGranCN,1
JarlMaxi,1
MarieMoments_,1
Jonzor234,1
Hailblue1569,1
dreamingnoctis,1
joojtabem,1
cubewatermelon,1
asphaltgekuesst,1
erinbrockobic,1
PEACHVALENTlNE,1
BigNick_Gaming,1
PrimeBrendan,1
JessMcDonaldVO,1
DorkAssWeeb790,1
LooreCJ,1
BrandJAlexander,1
KAOSN00B,1
GobblerGaming,1
The_Stargazer,1
windafallACNH,1
DAZAIANTl,1
SketchyBombs,1
pocketlugias,1
kiwimonogatari,1
emilyfatcakee,1
JesseNiven,1
ArtsyLizzy82,1
newbornkilik,1
bxnnygas,1
einfachDuke,1
Michelinico96,1
TrendOrchestra,1
SpartanOoof,1
Barnabybear70,1
vimesy74,1
nebulousjaq,1
mabarcelosap,1
denossh,1
hellfirebotiv,1
TasherTv,1
Ariwl1Ray,1
otakusaucel0rd,1
Ifremer_fr,1
RBCRJennings,1
doctorLURK,1
VGO_Tweets,1
SbeveTM,1
saqlfaith,1
lasagnaed,1
mevans2703,1
Frukuri,1
Scarmez_TTV,1
laiwane,1
Icewoolf365,1
lucky_number113,1
kingschnoodle,1
zachwoliner,1
faiiryfaiiry,1
HylianJayYT,1
pThuggin_,1
AngryExpo,1
IndieFgc,1
desertgranite,1
Alissonlittig,1
ZalYagunRyai,1
viralrak,1
meatballsndwch,1
xiaoanemo,1
cuerdasfuera,1
pisxes_chi,1
SimonGojcevic,1
NeikoCat,1
AryantiFany43,1
ShinMorgnTensei,1
arch1tectj,1
yatoraguchis,1
MatrixAM2,1
ParasiteElle,1
DanielKalban,1
lateVaporeon,1
Dantendo64,1
Roblox,1
FarahnMorgan,1
ThunderTgrGames,1
orionbc84,1
DonBugen,1
SmellyCandle42,1
Buster5ive,1
ChrisReeves109,1
busaiku_knee,1
Bloops_,1
Norman_Maggot,1
noboyocestmoi,1
776Marz,1
TheDunkarooni,1
Shake_Well,1
tyranbugle,1
huiophi,1
IdasLoL,1
GoodThings2Life,1
Daugher_of_Cosy,1
fiireinyoureyes,1
SE__Podcast,1
YoBoiDaRock,1
DracoWolf92,1
Nintendron,1
Real_Atomsk,1
Allipses,1
VJShordee444,1
obitrie_,1
FR4NB0T,1
jonathan_simps,1
DisasterFemRoe,1
urgamerdad,1
Oso__peluche,1
Hamid_hamdan,1
nemofio_,1
RoxaLink,1
Barzi_,1
LioOneMorePixel,1
CaudilloFranco2,1
RestileZoderso,1
kasldjfdks,1
Pixcelerator,1
aratrium,1
Samcer_,1
plushkinz,1
unnosequien,1
TimSandals,1
CeePaz114,1
realPuckball,1
paraleloss,1
WaterGames7,1
ColdBac,1
LimeSlushy,1
Ace55K,1
TheSnappyFrog,1
SarahElizaBrunt,1
nico1e_snow,1
Caeoleth,1
NinCartSociety,1
LocapBot,1
OatsNHenny,1
slexpyheadd,1
LoWolf13,1
izzynobre,1
JacobAllen918,1
Echo_Ladair,1
shadviio,1
rosapocas,1
orubegamestudio,1
Dogdehj,1
emoecringe,1
ExquisiteRed,1
NateSnow11,1
Faro656,1
tyuzinhuh,1
Kirbykomix,1
RiannonMotell,1
LotsofLams,1
tshope56,1
MichaelLeek1,1
witchymnk,1
IanDur17,1
tanith_kane,1
ZuzzapE,1
moniortizza,1
goddamnitlgt,1
RetroGameLovers,1
N8W0LF,1
ClariceCosplay,1
killxaviii,1
d_arm28,1
JennBeautiful,1
DGamesters,1
lopez089_Ka,1
tomek2773,1
therenesance,1
SenatorBoners,1
torteen,1
jbrizzle92,1
Cratawer44,1
holastreamer,1
shawnnhl,1
BleachedInk,1
MarkCushen87,1
Roxas_The_Cat,1
Papahrf,1
eve_chuu,1
chickpaints88,1
Ribas1904,1
WinterMagica,1
Pixel_Mixers,1
Erbi_san,1
ofertas_frikis,1
unmangaderetard,1
therealityiwant,1
CollegeSistas,1
mattbattmatt,1
EmersonMerkel,1
DrBeniboi,1
cringefandomimg,1
ElMundoDeTryko,1
G8exe,1
RealPoi_,1
madness_mouse,1
mooneyejen,1
HyruleanC,1
Amigo_JEP,1
LeCBastien,1
incredibledood,1
DiscoDogonline,1
SuuSlime,1
renakoc,1
andrewryan1984,1
bennieandthenix,1
maah_ravilhosa,1
Katwasbored,1
TopsieTurvy_,1
MuslimShamir,1
precambrianslut,1
2ViBear,1
NIKKUMANA,1
IndieBandits,1
Karolinsk,1
7reppenwitz,1
luashin,1
SweetFlandre,1
koallabyninja,1
scolioticolivia,1
blue_troller,1
Mountfo_Liam,1
ShiinaBR,1
MaximumCopeland,1
omaira_ZELDA,1
ndrmirr,1
Jasp3a,1
nishant_badal,1
_daisy__,1
RedPokeTendo,1
Kili2892,1
Arbitrary_Hero,1
ZoraFinz118,1
Niamh110Lydia,1
divinedeathboy,1
MadokaTokisaki,1
Nomi_Shamoon,1
RBCAmitojBhogal,1
HackoruTV,1
DatMaxNub,1
SideShowBatt,1
retr0greg,1
sonicjesus1,1
Willdogma,1
WaifusaurusRex,1
MasterJunior93,1
Krushdig,1
hannahkatelyn49,1
Eimyxam,1
SpawnWaveMedia,1
dyhptg,1
CatlingGun,1
Helix13_,1
JVera_95,1
_AdamCarter_,1
Miss_Kaj24,1
Mityr_,1
WizCoPow,1
JohnTheWordsGuy,1
rokettomusashi,1
lanceinjapan,1
CarlosSwiftD,1
irrelevantpods,1
twilightocarina,1
Ze_Holy_Knight,1
fallnaway,1
Hollihoof,1
W9steve,1
Scykoh,1
PhantomJosh18,1
vitoriaateixeir,1
agenlgar,1
TheNoodleUdon,1
theogharbi,1
StarBats92,1
Mimikyu_Hawaii,1
Ghost16062,1
niadelespacio,1
xtralife_es,1
laurr_michh,1
Ganmedes6,1
DDadko,1
nathanacomstock,1
TID3000,1
SpeedrunsMexico,1
TheBa55Singer,1
BaumannMaxe,1
Guitailer1,1
Hatoresu_,1
lullysct,1
AlexKoeberl,1
WesleyHunt2,1
AscendedTreason,1
ryannedavis18,1
JaysharaScott,1
usamitokishige,1
Lord_Frosty,1
lblvnc,1
salmaa_ed,1
sxdfool,1
ProudPopplio,1
svarioken,1
RoccoRokco,1
JasperYena,1
ErickADub,1
Nausicaa_Kazeno,1
currentlyian,1
foxshadow214,1
Spectrobian,1
blacklilligant,1
Absoluter0Punkt,1
Nyawezimhlophe,1
big_tapp,1
brandao_suzana,1
vinisorenkkk,1
luvcraft,1
theburiedjack,1
BaconatorBabe,1
siara_chamblee,1
HamanKarnVEVO,1
Minefnafer22,1
x_PapaS_x,1
ayyyyyyyron,1
pikach44,1
Amabylisfamily,1
RoiLennon,1
legend_of_zelda,1
hello__dollface,1
TheEpicWario,1
whooshboomtree,1
sanna_zelda,1
ArthurGudgeon,1
MeridiemGames,1
justcallmenama,1
60SecondesSCH,1
TakanodanX,1
gamesommeliers,1
SmoovyOG,1
lauramackay123,1
ARTSTAEHG,1
jvdubz,1
Fossilized_Nerd,1
windyoshi,1
yusufied,1
StuardBrad,1
GCWithFries,1
RetroGamersClub,1
SirPotasio,1
ReptileEnclosed,1
Galileo_Star,1
adatintime,1
lUPINFLAMES,1
Supercaliy,1
ab_shiro,1
Rhojinquest,1
paimonfess,1
arandrin,1
Sheriff_D_F,1
Alfman252,1
Final_BossXL,1
CraigMhgg,1
Kaskarin_32,1
ananavarro,1
Rycaster,1
Reaper_Accolyte,1
abighack,1
egoraptor,1
HorseRawa,1
guilhermekato,1
ryankneessi,1
streamer_basics,1
FMC_RTs,1
no_need_go,1
Capt_Slapa_Ho,1
SMASHnewsBOT,1
TheFifthPilot16,1
diezel308,1
Rick_Tejeda,1
TeamWatercress,1
pygmalyoongi,1
oneteemussett,1
D4rk_Sun,1
MoriMatsuko,1
ElAlacrancillo_,1
RetroRevelation,1
CodeNamePizza,1
Slink_Lovette,1
KrisIsTheWorst,1
nickytheman12,1
NSFWTysonTyph,1
foxcy_acnh,1
herMANUko,1
yanzinatlaw,1
Vega67021379,1
Pikmingirl,1
lioerri,1
haveyoumetklev,1
IY42045573,1
artistnest,1
KdogGaming31,1
eternalwrose,1
_oh_look_a_weeb,1
ElGangresyano,1
braaamzy,1
soupcatsimp,1
restegroupir,1
IndianaJesus,1
eufh0ria,1
Fonz_Bread,1
pakk_u,1
EmpireBMTH,1
pombinharoxa,1
ByLaraJackson,1
Chaosxsilencer,1
Samika23043108,1
MattWalshBlog,1
HannaThe3,1
HYPEX,1
BabyBoiLogey,1
DjUchuu,1
Mothdurg,1
TheRichWoods,1
SuperGuyNumber1,1
RobaFett64,1
2chunix,1
AlicePaladares,1
Reshisn,1
Ayyyitsboulet,1
Kleines_Tal,1
sandman420,1
Elva_877,1
VaIakMountain,1
lamarcodon,1
BendahDr,1
ReyJingiliani,1
TankerS_,1
xlook2theskyx,1
danieldemilio,1
ribbonotes,1
Terrayaki3,1
Mar_Animation,1
Redik_Trios,1
claroscur_,1
GauchoGooner,1
ashabysss,1
naylavrbh,1
Italiajin21,1
SeninPicka,1
_timmyg95,1
Praesidium0328,1
TheRealRival_94,1
artdezeta,1
StevenBeaumont7,1
enemyoftrust,1
neonbabel,1
YaboiHoxen,1
CamWillingham21,1
sekretskies,1
Samsapoping,1
MozzyFluorum,1
jhanan,1
kAnAkAt4k,1
kattleinad,1
scaralcvr,1
McMayhem083,1
IdiazAyuso,1
TheRavvyn,1
streetlightdawn,1
Iunatrice,1
SuperSaiyan95,1
shiemi_no_risu,1
7H30NLYF3RNZ74N,1
MarkAntonie12,1
paulodaluz12,1
cafe_fandango,1
Kotlolish,1
Holy_Bronx,1
humansrawful,1
esedane,1
alamoaggie08,1
billrosasjr,1
Crowmere2,1
NickRedMachine,1
AlfioZacco,1
dropthvt,1
AshJeffys,1
Nickeltendo,1
terminiangoron,1
flurrycakez,1
lsthief,1
MummyGrenouille,1
FabioCETF,1
Modo7Pod,1
Icoochu,1
gothgibsongirl,1
TravezRipley,1
grenouille781,1
fatfarng,1
_thalula_,1
ThatCuntChloe,1
EAriaera,1
cottonmajin,1
Romancane,1
Minartaugustin,1
MECHA_OOKS,1
crypticrysts,1
EggyNeedles,1
chesthairalert,1
mcclure111,1
dynamik_one,1
MendaLerenda99,1
Rubi_zelda,1
lordsoftheseth,1
DeveshBag,1
delawerton,1
evilgenius815,1
Derlowe14,1
SleepyTeaMage,1
irenemcho,1
iscarquelate,1
edgewalker81,1
CraftsuneMiku,1
_kanayans_,1
ReginaSpiegel5,1
kashikiyunos,1
JamesRiav,1
alltheangelsx,1
Manu_Aventuras,1
GlassTurtle1,1
AlexOneXGaming,1
NefariousAryq,1
RandomnessMayro,1
WalterWethermen,1
Cantolope_TL,1
JhonBonJon,1
DAMunguiaFuent1,1
Kaygun61ts,1
calebdoerksen2,1
Depresso0410,1
sonymicronin,1
modernights,1
NatePhallacy,1
korokleafs,1
case_face,1
looxPetzichen,1
linkaishin,1
EccentricArm777,1
JAYVERSACE,1
TheRadiantCoco,1
Schmae212,1
WinterMuteJelly,1
mikanjellies,1
ianpcartoonr,1
harIzivy,1
BanjoBear696,1
Grant_Hanlon,1
xangbar,1
Corexxed__,1
Lark2Bird,1
RayZoh,1
foxes_in_love,1
pesicomosaico,1
SCUMflowerMan,1
colinlemoncake,1
annacarbo12,1
superjefefinal1,1
ganondorf94,1
k_so122,1
RandySieracki,1
KrmDagger,1
PlazmaticBurn,1
VGItems,1
GFuelEnergy,1
brieelle_,1
je_somerton,1
Bethsburgerbar,1
golvio,1
lspicerart,1
PoesiaYRelatos,1
heliosx42,1
kranzman,1
webology,1
kelfus1,1
bobbysoto,1
phidica,1
Gosho4869,1
stakethisclaim,1
vergilecter,1
FrostyShutIn,1
Cider_152,1
ak8tsuki,1
cathysuniverse,1
_cademille,1
Mousieta,1
hikuro14,1
sewerw0lf_,1
imkellyrichards,1
Kinglink86_,1
evanhegwood,1
wiill64,1
winksgaming,1
Sack_of_Bricks,1
_redhottt,1
gromhellscreen,1
SahZa_,1
DojaCat,1
marciaapss_,1
BZRich64,1
gominismo,1
dubyaDdubya,1
4x7h8,1
shinsokun,1
BrianONG007,1
larosehime,1
exelion_,1
AaronsArtRoom,1
Gcintraa,1
MhmmmColter,1
ShadowLWolf,1
ttwoson,1
mclovinnho,1
PixelKamui,1
red_foxx15,1
notasbit,1
albacxr,1
Luiso_EK,1
prayzanza,1
MntalHlthMatt,1
WakahisaSensei,1
Aspirtration,1
GroadmiralThraw,1
DividuatedFlux,1
ChorusSarcastic,1
DustBucketDX,1
KonTheSnerd,1
dorepo_toledo,1
dan_hoyt,1
HylianGossip,1
MikeyGormley,1
papermetroid,1
mindlessjohnny,1
Pastor_Boz,1
Ace70Black,1
VaultOfAss,1
DevinRustle,1
callieicos,1
GameGrooves,1
OfficePainter,1
i4dains,1
CarlosBenavent1,1
luvsaiko,1
fath0bbit,1
Pixelated_Ben,1
DCSHGShinku,1
DisteriousCP,1
fakegeekbot,1
general_magma1,1
Anormal21275770,1
chescaleigh,1
BlueEarOtter,1
Bekzness,1
marceljucart,1
spacethetics,1
MrFranCazorla,1
ZaniestCartoon,1
DiceAndNames,1
luligfs,1
kylie1886,1
nerdallstars,1
AleRevengeance,1
theCandleBites,1
P2Pcreators,1
prolezone,1
RyanLeeMP,1
PokeDude011,1
TheWishblade,1
Aka_theRed,1
MetalGanjey,1
icrsandrea,1
Hiperop,1
kawaisprite,1
CloudySkies_98,1
AlixDakota,1
ChitoEzio,1
helvetica5td,1
catpatispatcat,1
UrWaifuSux2022,1
its_menieb,1
LegendofLex,1
cfsaints37,1
Reuniclus_Zelda,1
LadyTyto,1
Somekill151,1
seasaltcosmos,1
GamerStockist,1
_christena_t,1
viperlain,1
GeekyN8,1
pagkahari,1
zeldarp_ebooks,1
andrezzabplays,1
2ndartbook,1
misterparker,1
87StarsBen,1
ayluski,1
ElAgri141102,1
Ahtni1,1
Kamizhou_UK,1
joshi64bit,1
meepsmoops,1
MikkiNami,1
Incorgnito1,1
crystals_sugar,1
wuteverfloats,1
ItsCrawdaddy,1
theavalkyrie,1
asinglemoonunit,1
GMatt82,1
YinYangGhosty,1
CWhitakerSport,1
PillarCreators,1
SJHDoesGames,1
Saberspark,1
GOATRVIS,1
TheLaagy,1
JayDemille,1
MollyOKami,1
JVogt_21,1
Arlyurl,1
Tehleetazn,1
ommietra_,1
SwoobatMafia,1
nrding,1
LSonicraft,1
zeldawilliams,1
cooIval,1
gpadialb,1
boshtok19,1
IFTecnologico,1
son_so_hyun,1
J2KChoiceCuts,1
nosoyBenja_,1
JollyGreenCarl,1
AstrobotFacts,1
cnni,1
katzenbrau,1
MooneyDoc2,1
BDawggCOMT,1
Chalgaro,1
Zero_Ryuzaki,1
HawkinsHolden,1
Chatothebear,1
PlayNation,1
SonorousD,1
ShantaeZagami,1
mf_ribcage,1
GreyScaleLJH,1
Alex_Drake79,1
BlandrewYT,1
Christian_AFx,1
TheNasher61,1
coL_Amazonian,1
iconicqueen12,1
RealKoolkitty9,1
GelsenGaming,1
Gotti_stream,1
RandyClancy,1
CavemanLOLer,1
GarmoreW,1
AidanToye04,1
Jacurtis95,1
maagsauce,1
CubeBc,1
n0c0ntextzelda,1
MattLeidholm,1
sech28,1
Bagbot_,1
Blackopulous,1
weebanimeboi,1
BoneJanky,1
they_new,1
WilrowHood,1
MebyChaan,1
modestomonzon,1
cornbreadbois,1
tocardenumero1,1
Luma_GK,1
RootBeerDrunk,1
ZackSnyder,1
BigDaddyDou,1
tsutomes,1
phoenix_martin,1
moonymue,1
tragiculous,1
CommunistGeek,1
mmcdonline,1
Ayden_BP,1
ToxicEther,1
rubyenraylls,1
ScottHa63721366,1
nappymaskshop,1
alabamabatman,1
vaultboy81,1
ThaDangerousOne,1
sp00ky_deer,1
brennemania,1
BardicKnowledge,1
carlonoias,1
MonsterMazeYT,1
oddieoats,1
hyrulefields64,1
Animation_Voice,1
JokarioArt,1
PCBBasketdemon,1
clowned187,1
CaydenTheDawg,1
NarbeVoguel,1
Goldspira1,1
DevinValentin3,1
grande_depresso,1
UgurkeDub,1
ZeebTheBaer,1
ROCCATFrance,1
BananaChicken22,1
vivaolives,1
SeveredSonsDnD,1
swissuscheesus,1
HollowPoiint,1
JessicaMelody16,1
ksenialuwuis,1
1derpaul,1
C3_Mada,1
HeatherOnStevia,1
madipupofficial,1
Tankian76,1
Samantha_Clause,1
ReindeerPoyo,1
bilal_67m,1
FavianQuezada,1
odiginews,1
streakydesign,1
timeforwizards,1
Pepe_SMT,1
udamaster,1
navuyo,1
kreativKAZU,1
KairaEridan,1
whiteshadows823,1
wheezyzone,1
Trashqueen_01,1
themoulinrogue,1
iamtherealoutis,1
J_Goxed,1
heyyyalan,1
bfoxpriest,1
mlettini,1
notyourguts,1
heya_rogy,1
msifrance,1
AndreaPichinini,1
hobby_consolas,1
Baljeets_minion,1
littlelightiny,1
3BroLives,1
WinterLayea,1
zilognmotohost,1
TheNamesCam1,1
AntonioMLNW,1
klorofilledZ,1
_Vixory,1
AlgandarsPlague,1
LighterFluuid,1
TheDawgMiner,1
PrinnyTonic,1
chaoticpopcornn,1
jurkperson,1
666pigeon,1
DaveBromez,1
eldritchshota,1
HelloJackTseng,1
kingboozx3,1
ThirteenXIII1,1
princehk1999,1
Lazy_kates,1
kuja488,1
Nesquik_Queen,1
Bubblepopspit,1
ItMePorkate,1
Pink_So1,1
BerMEWdez728,1
tgtkai,1
druxenn,1
thorlarshanson,1
PawsYourGame,1
ItsWhiteThunder,1
ouiszn,1
2D2Will,1
RedMaou,1
Mikawas_,1
smolmallowz,1
RavioliBoi7,1
dash_ideas,1
JinMukangbruh,1
ProblematicLamb,1
SavageMembrane,1
jbrawleyPV,1
gillian_nickel,1
1upCAD,1
Bad_OverHere,1
devinator26,1
Emeraldrox303,1
6ter,1
DGalatovich,1
flesh_knight,1
christian_knapp,1
Oreboat1,1
WandererAlexthe,1
faits,1
CodmFelto,1
Andyblarg,1
KhayyaamButt,1
Princesa_Zelda_,1
SuperBunnyBun,1
solarsaber_,1
OfficialRWBY,1
cr0bar,1
aliensyndrome,1
MrWolfmiester,1
_Be_not_Afraid,1
Cactuceratops,1
wyhz72,1
PissedGreenLink,1
poIysics,1
EfejotaRenton,1
OneyPlays,1
Fadingarcader,1
GumGumGoblin,1
Akusushi,1
MyNameIsUrMomm,1
Mrxpaygox,1
Zoodrak,1
ZXNature,1
Omnigun,1
jadolphgaming,1
TJPhatty,1
_danpar,1
LannieStabile,1
marywantacookie,1
Frankymix_,1
Fairytalevo,1
DrCerise_scp,1
Stingrayz_04,1
Skullivan_Bones,1
ornatebones,1
meagan_mclean,1
Itsal_withanL,1
KorethTwitch,1
TH3GADFLY,1
NerdzRantz,1
grejory654,1
SandyFrizzle,1
Derekkoji,1
Lorenz_4734,1
casey_hurdler,1
TWKOfficial,1
Hydrixtheaqua,1
woojimie,1
LaySouls,1
SalsaPie,1
JoCoats88,1
GallantAndZeros,1
HyruleHomeslice,1
df2506,1
S2Impact,1
MTBlack2567,1
Olivian_RD,1
Benny3rror,1
RealBaoZakeruga,1
LarryXMario,1
STWVideoBot,1
ItsAndrewXP,1
piersmorgan,1
GeorgeSrTweets,1
mariparti,1
Akax__,1
CEOofKaneki,1
JumpmanFR,1
WizardEmu,1
quesosquestions,1
BylixBay,1
GabriellaBuba,1
ccagraveheart,1
AmandineFlachs,1
akumazxi,1
NintendoEurope,1
SuperSonic71087,1
wastelandroar,1
SakuraVilthuril,1
TheSilverSmithy,1
OFantasyStudios,1
HxG09,1
einfachkage,1
Lucacio_3,1
Pms07567276,1
scottyely,1
Zenodyne,1
Popflix4,1
abyssalken,1
sunellix,1
ChaiaEran,1
MrHtuber_YT,1
DorraBartaguiz,1
JustFasar,1
rubiconcapital_,1
FrauskDen,1
amyturkharp,1
Caleb_Nico1,1
HallowQween,1
nerdyOme,1
im_not_art,1
ProfessorFich,1
chris_wigley,1
presea_zelda,1
Itsemily0kay,1
spook27,1
CheapStevo,1
maskedlizard,1
jocve,1
Hurricanechik,1
carlovcarlo,1
LouisJ003,1
BAWilliams95,1
RpgYears,1
ArtisticGamer7,1
WasderGG,1
RealBobbyPlays,1
ZachRoskilly,1
lawllin,1
eai_firme,1
karlmarxapika,1
RidicBowe,1
NeveResK,1
Moon_lol1,1
ThatGuyWithAGa1,1
not_generaldex,1
troyvstheworld,1
nearthirdimpact,1
Musicologess,1
jeliydoughnuts,1
UnchainedYtb,1
UsamaJawad96,1
Bestorb,1
MobiTigger,1
tillifish,1
GizmodoES,1
ClumsyOrca,1
SilverSt3rling,1
RebelliousSaber,1
drellousy,1
PrintsOnCake,1
ClipsLittle,1
Eudemonita,1
MyNameIsFunnyHa,1
UnaPrendefuegos,1
AnnaSmith61282,1
foxydargon,1
FlamesClover,1
yatorarc,1
okami_hylia,1
Trvppapi10,1
arisroth,1
BassHybride,1
SunWukongTWF,1
dizzyscribbless,1
BirdRespecter,1
ImperialW0lf,1
RedlikePancakes,1
imscottryan,1
daylightpub1066,1
agusvikingoaria,1
VINSM0KES,1
Son_Of_Clark,1
ofelipelee,1
HCGSHOW,1
AzurasLegs,1
heyo_KazeTS,1
OhSkyTTV,1
spf13,1
Vileself,1
toffeemugg,1
DYNANUGGIES,1
SpinelessOyster,1
DemiseAvalon,1
sauceddie,1
Metunnica,1
L_oliveCalista,1
Promo_YT,1
seraphvenin,1
PlatnumHam,1
Zelda_Flowers,1
Lover79Nerd,1
GotitaSenpai,1
ehitsjay,1
hiraihomos,1
Zelda_Kreon,1
Anim8Tron,1
Stidham_Gamer,1
Phoenix8212,1
deadlyk67791260,1
CTArtisan,1
dailyrpgchara,1
JacobMonks1,1
rubymaeda,1
prichoutigrou,1
Nicoohus,1
Checkmate_DC,1
Scuttlepunk,1
RetroPlaidGuy,1
yingleberry,1
iJetGemini,1
GUINDAKO,1
Willaby_Neko,1
alexjyong,1
CauseImDanJones,1
OsmarDaMecanica,1
RoaxesChao,1
YNWAlfcnews_,1
lucas_ldrt,1
DevonPaigee,1
candidcassowary,1
MGamer997,1
bluekona9,1
Doge_This101,1
tjcurler,1
d_oman,1
AestheticsChud,1
TechSpot,1
zestvk,1
JD_Lovatt,1
Cxmpxctz,1
tangibleboredom,1
asthatofatiger,1
adventure_rules,1
kyle_bearr,1
sunbronation,1
Chi_flag,1
dafnext,1
Aremok_,1
LordSMAF,1
Pierolym,1
CabriDIY,1
HBShanks16,1
CloudPractitio1,1
gunnm_alita,1
owlisaurus,1
AuthorAtkinson,1
NerdySteve007,1
SonicAmy4ever10,1
juanpgarciac,1
pokelawls,1
MediaMarktGames,1
dranocross,1
voidcrittermon,1
NickotineSG,1
AverageMarsha,1
GrandSteven_,1
surgingtempest,1
SalvatoreZomba,1
warriorofbirth,1
themeredith,1
IndigoLunaA,1
faeoftheMoon,1
essemkato,1
dadi_ramos2,1
EnriiqueM_,1
Ciserio,1
TingleIsMyHero,1
young_thuggha,1
itsAvient,1
hxgrrl,1
Tostaditita,1
vahuxo94,1
JeffGrubb,1
AkaboogaloBoss,1
sam_hates_music,1
Bi_trash_king,1
Ulysse_Dupau,1
omarknowsall12,1
ChoctopusYT,1
leZekenator,1
BasilButSwag,1
SEOKPRNT,1
Mr_kiru_,1
ryo_aniya,1
EvilGouken,1
FFVIINovels,1
RosyHaven,1
bruno_cats,1
annethehobbit,1
minikotm,1
staplerdude,1
smolmipha77,1
DomilleW,1
TSamitier,1
PurplesnickNick,1
PKO88,1
shinymew58,1
shitazugawa,1
choosebatman,1
MDel80,1
Eclipse_Ocelot,1
OnekoTyago,1
AmixuJoestar,1
lisaaliseaa,1
AidenRS139,1
BlackMaskGR,1
CaptBurgerson,1
WAREAGLEGAMING,1
sisyphussage,1
_Greenix,1
isacaff_,1
The_Tiny_Tim,1
JadeDennisVO,1
jstanier,1
chininiris,1
Uraway_Maker,1
gachugocho,1
BrendanBlaber,1
TheOneAzrai,1
GeneticsGSA,1
SmallSparkz,1
Jazio__,1
teh_sherms,1
RetroGamingDev,1
bigrigerson,1
ngpaprika,1
bencroftgaming,1
Vitooo0r,1
jennEHbeee,1
FazArthur2,1
wlassalle,1
CosmicComfort,1
jason___michael,1
libreros,1
RyanMot95904688,1
JuanakinJMS,1
titania_tifa,1
snboab,1
championxegg,1
SpookyRayne,1
Skywalker1750,1
J0hnJohnJ0hn,1
zeephspell,1
gravitydusty,1
HxhSao,1
_Tetricide,1
baeksondo,1
ItMeRobin,1
LiLMoFunky,1
TrunksVT,1
mitsukileaks,1
photoedfade,1
scoupinho,1
almanalfaruq,1
fIoatislands,1
Papaboubadiopp,1
YukiGoomba,1
Lyyndesigner,1
ZeldaCuriosityS,1
_Ryanmiller70,1
playcritically,1
anorakdovahkiin,1
_rikisan,1
lunamignis1,1
NekobaAudio,1
BrianMcInnis87,1
TuFavEAndalu,1
Giorno05414833,1
shmoooshyy,1
LtHeadtrip,1
Sorckoty,1
RedNoiRGames,1
aaalmubark,1
CodePika,1
wooordwooord925,1
OrianCD808,1
ShimDewdrop,1
bafo_selvagem,1
SleepyEyeJaymes,1
LaNio483,1
jadeauber,1
R0ckStarStephen,1
PixelSSB,1
feeheelee,1
SSJSpeedRacer,1
FrabjousBat,1
Spencer__W__,1
nsane99,1
spiderqu33n,1
LaraMoraes8,1
TwitchStreamSUP,1
Dakotalogy,1
Maruisalone,1
Thunderblunder7,1
animalsanth,1
richteajenny,1
XelaRemag,1
josh_almighty97,1
RoseEchoes,1
inclusivebraydn,1
utaflair,1
showbotics101,1
SwiftShotTV,1
GeekSenshi,1
zel640,1
SMXshow,1
MastaJoker,1
Freddie__Bond,1
minorstarbear,1
subjectwaffles,1
FionnTheBrave,1
naydras,1
LurkerCaro,1
_Sharingay_,1
octopus_person,1
xPandorya,1
TheDamagedKey,1
domodeeb,1
larriekong,1
orusmagic,1
LetItMelo,1
Chaptr_two,1
hyperbolu,1
ArtistsNsfw,1
novascrawlers,1
tuvecinaAK,1
Wismichu,1
ch0colope,1
tombraider,1
TAFKAB2,1
djmajic_,1
solvdrage,1
lunaclunatic,1
ArcOfAtlas,1
retrogaminggeek,1
inesvisual,1
bahnloopi,1
isaiah_bb,1
NikLinenberger,1
redtutel,1
PizzaKillerr,1
Clippers89,1
spacebruce,1
Wario64,1
oLoFizinho,1
TheNintendata,1
JYoshimon,1
crimsongcat,1
NoctrnlValkyrie,1
TSS_Pure,1
NareshC37962129,1
lexilia_luthor,1
RevLevel,1
WaceHoudeyfa,1
ConejaYGatitas,1
ChrisKatsurada,1
hal451gaming,1
crockett_z,1
bloodykittycat,1
livingcardsmtg,1
RoiPiou,1
junie_bunny,1
jaymarvel,1
keylime_guy,1
SomeCallMePlaya,1
BobbyMarsouin,1
R33tr00,1
OKjadZ,1
BeccaNewsome,1
emimaryjane,1
dyke4milfs,1
jj_mason,1
Jeremy_GoneWild,1
graburcrucifix,1
Butters_X,1
BrandonLive,1
albaether,1
bookofkoridai,1
bojoux,1
PlayStationDE,1
RChapple18,1
stardustpossum,1
BryanCevall,1
DJtrix_YT,1
KhymerVulture,1
koishi____,1
NegzBucket,1
TyrantVicky,1
KomomeLoden,1
SoupMarUltrabot,1
vtube_shiki,1
alvarodc99,1
curiouscorvids,1
born_unicorn,1
bennett_oakes,1
oliviaafrancesc,1
GamesWithFife,1
nathanl75,1
samisverycowboy,1
ykcopdeirfpeed,1
TheMisterKyle,1
slaieyter,1
PizzaOmNom,1
alfallel,1
gruletheempty,1
ringra15,1
Naitor_5,1
KotonohaAkane,1
austinroy2497,1
AnxietyMonster1,1
Becker_Writer,1
EstLuma,1
LordKai1102,1
TwitchUKI,1
Zebra_GER,1
tori_jeanne97,1
whatisalt236,1
DarkYapper,1
RossRickson,1
RubsterTbh,1
_BreeCries,1
shardofkingdoms,1
zelda_style,1
WorldofCordeDnD,1
StixilFox,1
wonkautistic,1
Pinkertonnnn,1
SAD_COMET,1
DQ_lan,1
Majora_XB,1
Chacha_128,1
ruztedz,1
EffInvictus,1
pastafrutti,1
ShitpostRandom,1
Mariogirl17,1
splatkelly,1
RybieMagoo,1
pine_the_apple,1
m__celka,1
Papii_OwO,1
BSdumbjokes,1
ratgaminglpd,1
Wacrin_would_be,1
j_nerdy_,1
Blazikenpwnsyou,1
Lylisan1,1
FrankfSinatras,1
ebveebv,1
dnpcoolpatrol,1
ShiriEWolf,1
k1ng_mang0,1
icy_orangejuice,1
KojiKojiMoheji,1
Ramen182,1
ScroogeDWS,1
paisleypuddles,1
game4check,1
xjoyfs,1
chifadegato,1
apolluci,1
Kinvestigadxss,1
lucas_pasion,1
ENHYPEN_members,1
Stray_sheeps_,1
pinkiebethplus3,1
avani90s,1
SilverTotem94,1
K4_ElDon,1
KoopusK,1
Paintzeebrush,1
TheScottSpot,1
bbbalirs,1
LunaEclypse,1
zelda,1
codie_sys,1
JoypadLadShop,1
bnwkr,1
DukeSlothTV,1
katskindahere,1
ivyslights,1
WingKingTzar,1
zelda_legends,1
Kohls,1
oilypearls,1
Teclis999,1
stupidgaynagito,1
Gryphonstar5678,1
dandantsunkun,1
casteroflight,1
frgnbrs,1
SatiroJoJofag,1
MetalGlennSolid,1
Artakaashi_,1
thekambler,1
hackbarth,1
stormsbourne,1
PwnProblems,1
dr_hinfectos,1
TyaStar87,1
TinaBlackMage,1
djjoycie,1
PlainOleTrey,1
Shad_JV,1
AutoGiraffe,1
Smasher390,1
MikeRohSoft_,1
zeldapistola,1
KingAlakazam,1
Streakzdunit,1
ThisIsITalk,1
GTotore,1
ProspectRose,1
orangerful,1
hayleythehylian,1
David_RMadrid8,1
skrunk_mcdoogle,1
pencil_at,1
MissMuntze,1
Neriogoon,1
jycompany_,1
BrettWils,1
Broatmeal_,1
Devvcario,1
3DAllStarsFan,1
_kev_dev,1
ANeckie,1
viniciussalvati,1
SpideyRTs,1
CaptainProph3t,1
Ethanhamm,1
Huateque1,1
MimiIeaks,1
SeanWolfPhillip,1
prblmboy,1
KyleThePug,1
mikesean45,1
sheepygal,1
CallMeKelliope,1
FSAPOJake,1
Mcintosh0220,1
DilEamma,1
Myneko_,1
JustLautjee,1
SeanMccarron46,1
EvilUno,1
_arothlisberger,1
MatthewHVoss,1
catarinaaaxx,1
officedepotrat,1
azlef123,1
Tragnor46,1
sla_shalafi,1
SarahCorreiaaa,1
Av3r4ge_J0E,1
bandaid_banditz,1
The_Worthy_1,1
yanagi_willow,1
Fidoz,1
Annika66Smith,1
arg0thegreat,1
Addy_158,1
GradyTTV,1
ErrrrrrrrCRASH,1
Juan_ATellado,1
RollTheTice,1
Cracowicz,1
uwu_life_,1
DanielJFerguson,1
Full_Sauce,1
FlyingLandLeech,1
O5__kku,1
ThatYungLad,1
Hinyane0806,1
StellaeFons,1
rakunx1,1
Shka_Bob,1
Monsieur_Chaton,1
_atariatlas,1
deon_lt,1
myworld2121,1
Brrrambles,1
crpandemonium,1
J_Doobs,1
ACEepicc,1
razzle1337,1
DaisukiKoshiko,1
coulombe,1
ryugayzaki,1
_meredi_,1
OshMonnawesfv,1
RowleyDoe,1
Mechazawa,1
AlexFromTumblr,1
silver_zelda,1
HintandTea,1
MatthewViner,1
Chito__Del,1
SecondPlayerNet,1
lujuaversion2,1
KarmaKitsuneDoc,1
Ubisoft,1
TheOgEVG,1
fppf_gf,1
therealboone,1
SandrineSmiles,1
SmallStreamersC,1
Kippi00,1
Umekoscreations,1
kristalitten,1
LoafnLady,1
piIlowforts,1
Cedrik1699,1
mochyneko,1
DroidSaysOpe,1
FixelDev,1
LiliTheGamer,1
BTNL_Law_Firm,1
TheSoreIka,1
cTheRhythm,1
Maplefoxy,1
hyrulelinks,1
YULVSTHEWORLD,1
pariah164,1
Terrako4Smash,1
Metanolx,1
AstroTJP,1
Absnerdity,1
ais_SevenFisher,1
Rymskaaa,1
PracticalSilver,1
Lordess_Colress,1
CaioDan,1
Best_Juliet,1
SupaSaiyanJacob,1
RetroGifMonster,1
JJisAMarxist,1
starryhvntos,1
__eluvian,1
Netambulo,1
Raikiri_Scythe,1
CarlsMcMarls,1
Komiburne,1
molegolm,1
ROCCAT,1
AnkhangelDragon,1
thecowboyhatcat,1
marginoferror,1
MerlinTheFox,1
mrgregshields,1
PencilPaperProd,1
SupergiantGames,1
Melanie_J_R,1
Fl3b0,1
Madalaski,1
CarlosRo86,1
infinite_lewis,1
Yakal83,1
rotciVArt,1
hunitstackz,1
tavsxx,1
bmanpictures,1
StephieSparda,1
In_the_Console2,1
Tony_Inhumano,1
TheDimensioners,1
cryowinds,1
XenoAwesomeGame,1
sgomxznasty,1
nepoulas,1
Prof_NoFace,1
mikeyface,1
NhJoou,1
lilyphillip_s,1
poyo64_,1
masteroftime17,1
SushiLang,1
CATticus_Finchy,1
FAIRYFOUNTAlN,1
CoronerFurm,1
JLap64,1
_DubzyWubzy_,1
LinkOLumerClips,1
CloneRex93,1
A_i,1
GateThief,1
jennebravo,1
dietcoke111_,1
gaygoroakechi,1
n0_f0x,1
Otachi13,1
MadDogsNovelty,1
Fleetingsanity8,1
DeMileyCyrus_,1
ossosdecimento,1
ItsRogueRen,1
HeartMachineZ,1
RafArboleda81,1
_Bulph,1
MichaelPastz,1
IllanesBoy,1
PlanetRunsGames,1
jackswithasmile,1
NotEcons,1
butterybunsSSB,1
garbagebby,1
Mysterion97,1
firedawg1984,1
twiss,1
kyogreswimming,1
soIaceur,1
krazyslotz,1
kiomarue,1
Bambeatz,1
Bishop_D_Demps,1
DepravedSlasher,1
MariDaDon21,1
Enlz3,1
pastamous,1
Huawei,1
Masterpaladin2,1
hanbyeolVT,1
AnKanis4,1
manupalmer,1
YoItsSeph,1
Pinguinador,1
JaimeVeol,1
Kaidx36,1
thecokecola,1
TheJadedDragon,1
fjporcel,1
Tigerton_,1
Papa_Chien,1
JennyENicholson,1
K_jedot,1
heathdwilliams,1
NZXT_de,1
Sergi_ND,1
Bentaro_,1
missmoonmemento,1
Spaisenman,1
CantiUnplugged,1
TheRealRich5,1
celcha_,1
Tesla,1
UnworthySeraph,1
darrinwright,1
crevicejelly,1
lunchbox_82,1
mw_draws,1
characterselect,1
gustavopetro,1
cosmic__latte__,1
GeekGoban,1
raidonbungeling,1
aammmi6,1
nicky_gayming,1
Feanyx,1
smolgoatfish,1
Noodle_nevarez,1
TheFlarec,1
JoseRore,1
DnD_Lich,1
wildheartfandom,1
scarletpwillow,1
SibghaRather,1
satchmosax,1
AllenWoods227,1
magikmax,1
aquaspells,1
Modular_Squared,1
MarioH92,1
ayu_3_hosi,1
Koymaro,1
TheHitchhyker,1
AboutNintendo,1
CatClickerGame,1
vonnechance,1
SirGull,1
taterthot42069,1
szczurkryz,1
MintyYuu,1
TateEddy_,1
ericarrache,1
LucasArraz,1
Drazerii,1
fernaUdaa,1
CallMeBiscuit25,1
purpl_Samurai,1
cholington,1
TylerGames14,1
Dicerolltv,1
TessaRGxx,1
pkbecker,1
skelepuzzle,1
Alejandromp66,1
TheHiddenBoss,1
MeTouki,1
VObservadora,1
gabyyviitoria,1
Marko00808740,1
neudman,1
Clau_G06,1
Caesys_,1
DevilCronos,1
B_Rank_Bun,1
drip133,1
Kohen213,1
DizDotTV,1
TaiHyuga,1
WallE132,1
bernardobri,1
charmedneedle,1
LeoDiCaprio,1
VictorMoisan,1
Correfoc_,1
JackAle09586128,1
babbe0,1
vithorjon,1
JasonPaulPark,1
Eaglesadvocate,1
Game_Realms,1
wormcollegebot,1
ClickGate_,1
junostump,1
yoitsburst,1
TrillNye69,1
menezes_onilda,1
Blue_Anteater,1
JamesInspirical,1
PappaHutten,1
LittleBirdieO,1
NightwingRg25,1
Chaotixhero,1
racheljamesnyc,1
99Vidas,1
longie_long,1
cooltshirtmaker,1
inFamousAdam_10,1
Shinjilkari,1
Aniram_Lynx,1
Grachtnakk,1
c4chol,1
SteinbrinkLaura,1
RobertWSmart1,1
jonasonic456,1
stewie55uk,1
benevolentMelon,1
redxcranberry,1
BastilleMum,1
PatrikBatAAr,1
LuisMThen,1
RobotTramp,1
aftermatthaus,1
Lockebln2,1
SuperNerdDaniel,1
VenomousDrake,1
scorloknight,1
wrenasaurus,1
ProfPancakes64,1
Ninja_Dans_FH,1
realmadridrey13,1
FireWildcat,1
TandwarGaming,1
JiggySpriggy,1
_carlosfilho,1
TonGilli,1
THDesignCo,1
SmashTeamGames,1
shindeiru_u,1
JustinKBrownVO,1
GamacyProject,1
murphysboredom,1
Kuhroken,1
alsagone,1
YottsTwitch,1
Pctove,1
nateonheight,1
Swerto,1
Paveltorresart,1
AtTilla1999,1
chrisryden,1
zervx17,1
MusicCrustacean,1
DarkLight_Bros,1
_LauraOrt_,1
Lazzy70892008,1
DivineScholarrr,1
CursedShin,1
DulceMariaMski,1
RobinRegs,1
Tyranicus,1
HardcoreOtter,1
GhostGotJuice,1
Fabamlazaro,1
gamingpotatette,1
BlackstarMBV,1
Nintendari_it,1
shannanlovemail,1
dededearly0,1
KHsNotebook,1
twowizardspodc1,1
FallenSnowS,1
BaronTheThird,1
caim_enthusiast,1
LeVifWeekend,1
SchmamTheKid,1
HLunaris,1
qu_miii,1
StarvedPt,1
HELCIOSILVA1,1
Gh0stVVolf,1
PowerGeist,1
JustTaylorr,1
WireDeals,1
Distribucionyma,1
soundspurrfect,1
EruditoZz,1
kotekoki,1
BagPlays,1
FartEatingHero,1
SACRAsCAVE,1
jaspro101,1
benlitzler,1
MakiARuju,1
NeverOnBrand,1
thekushikatsu,1
wahmphi,1
justa_simpleton,1
CreativeBloq,1
JmcG4m3r,1
sleepyysteph,1
GrillzVonSizzle,1
Dragonxflame323,1
TheGigaBite64,1
DelsinLockhart,1
HermeNateics,1
catsandghostss,1
Furrnandotorres,1
PedroSchiller,1
lypric,1
neemaldonado,1
gardeniaresilia,1
LeafyDae,1
kyrio5,1
Rob_EZ_LnP,1
FlareDarkStorm,1
tommylynka,1
babyleafsaladd,1
DrewNatsu,1
ZYX_Updates,1
Switchie147,1
Mythopoios,1
katielacluett,1
Badalssim,1
BaileyAmburgyVA,1
HEARTISBLAZING,1
Lewdsmoke,1
GoodGirlZelda,1
RhetoricGamer,1
LooonaLou,1
don_brodka,1
FunnyCryptic,1
stefariii,1
HotlineSehwani,1
Dinobal2,1
chibi_m,1
ThomClancy,1
DevonBirdsong,1
NintendoNews,1
pirannaplant,1
bangtanime,1
ogro_himself,1
CarlosSadness,1
in_rainb0ws_,1
Himbocialist,1
PapiReubs,1
YorknewCity,1
_ZacLyon_,1
Creo_Emerson,1
telegraphtaps,1
StephenWNix,1
GabrielNerdLand,1
Bouunyy,1
KeyoPanda,1
DHeartsurgeon,1
MARINESARALDI,1
runninhillbilly,1
ks_chaos,1
chromer_exe,1
_Tweetman_,1
MJenkins91,1
LucyOffStandBi,1
GWENSVERSE,1
alphaclunk,1
ZeldaDachshund,1
ValwithSparkles,1
GirlyWolfPup,1
Maveric408,1
benjanun_s,1
_educabrera,1
BethHamptonArt,1
NesWorldRecords,1
HyruIe_Warrior,1
MediBee1,1
Zuijlen79,1
BigStickie,1
LevelZeroPod,1
OiiStephan,1
SmokingBaylight,1
RollingDani,1
JennGo_,1
tylikcat,1
_favlightskin_,1
GogoBillme,1
FuryImperia,1
Leamonde1,1
tgohl03,1
cj06069,1
YuskeVG,1
realraiden333,1
aamemuraa,1
mxpearl_,1
oddities_online,1
TedFriendlyGuy,1
MALVICIOUSS,1
linkfan1989,1
EApcz98,1
eGkatl,1
Mute14_,1
aeprosperini,1
eustassvinsmoke,1
_ByEddy,1
alexjkane,1
kochamxie_,1
SkyTom64,1
ElPixelPodcast,1
Div0ne,1
royyalapulao,1
mncpixiscrmgrl,1
c40cities,1
ASingularYike,1
Dewott13,1
pimpimentalol,1
user_0975,1
komadorii_,1
_untuckedjersey,1
mvtheos,1
Davofwar2,1
eiayay,1
kordeliiius,1
omgitsmonika,1
k_dove85,1
GoopyVivi,1
_Kitty_Gaming,1
hero_of_space,1
HylianHero98,1
MariohazardX,1
davvekat,1
PrismPak,1
davidizati0n,1
JakeDomo,1
tanisthelesbiab,1
geekscanbecool,1
HomoPestilence,1
CarlosTrooper,1
AutobotzSmith,1
frankypierrot,1
WlCKEDTWlSTER,1
bolovodeovo,1
PushingButtonsD,1
MerchantofDucks,1
StarManZeri,1
Loralindemann,1
BlaineThePainTV,1
8BitLootBox,1
tenhofimosekk,1
vuzhmusic,1
GermyOkeefe,1
DigitzTheHouse,1
ImMovic,1
RockMaMaAKI,1
Almansa91,1
Ariesbust,1
ClaesAzure,1
juancaeulogio3,1
AudiOfficial,1
MTG_Arena,1
RetroLade,1
peupenacho,1
slaybruhamlinkn,1
JuanDan73587313,1
InmaDiPi,1
CosmicKenza,1
spk632,1
LadyJazzington,1
TheHedgememe,1
UncleYuu,1
General_Music_,1
ShadowFoxArche,1
cabecadeteiaaaa,1
cguanche,1
_DR0ID,1
raphafromtwit,1
MikeMike123_,1
HarellieQuinn,1
XionYetora,1
TastelessOne,1
ShelOrangeHusky,1
elcanalrandom,1
Molduga_,1
jakester428,1
ArtPrag,1
KingCladCrowe,1
Man2165091022,1
SkeletonGummies,1
HuskyShadow1,1
proudanddefiant,1
SwordyMeeks,1
jbradymusic,1
Aisokasfantasy,1
AcademyTwitch,1
iliadmaeve,1
PawInspector,1
Miku_Songs72,1
BTS_twt,1
i2egulus,1
DavidWhyms,1
Brokken_Brokk,1
Aurelian_Wolf,1
JohnMcFeeIII,1
TennisPodcast,1
GamerMomLuna,1
ncsources,1
AverageDeku,1
heavenwvrd,1
alexalco_,1
Raven_RvX,1
baexsluv,1
FinalFantasy,1
Omega_Haunter,1
SpamStreamer,1
duchess_raine,1
JDenisTwitch,1
Syphith,1
DollipDaze,1
mowseler,1
Aus10x_,1
cakery66,1
Bachata_Mix,1
DannySchupfer,1
jelielsfreckle,1
JS20044,1
journojoycest,1
j_nechole,1
HostessMisaki,1
RonaAltana,1
BlazinAlley,1
Kesswylie,1
mazestalker,1
Mimik_Ivysaur,1
AgentKiwi09,1
PKMNSW95,1
Maass_Fuerte,1
LuchinoPurrs,1
silent_paranoia,1
vixylafoen,1
mcmattagram,1
Zhane_Star,1
SirisDerp,1
malas0994,1
BlueFire94,1
tc7793,1
girlcrying_wolf,1
Th0rstenF,1
beanzie123,1
LiterallyNoodle,1
The_Rey_Rey,1
PinguimTarado,1
make_irish,1
RealBomberDX,1
Jxnny2X,1
haruthesergal,1
RichOfTheBurns,1
dbk_zelda,1
barbabun,1
vaultgnf,1
Drabbyy,1
boonbap,1
lovato_gomezsz,1
havocfoxgame,1
swagmite_,1
UltBamba,1
UFuckingMotherr,1
David_Jagneaux,1
Toon612Link,1
giga_clown,1
SummerKiyohime,1
MythicalAmoria,1
Finnd301,1
Tony_the_pimp,1
coxinhaDbacon,1
MerlfGames,1
Grizzled_Gaming,1
ukjyo,1
garchompteeth,1
Trail_txt,1
Trist_Hugh23,1
TrevorTate2,1
markhamdh,1
MitchyD,1
Bloodi_Pawz,1
SWTheory69,1
yagolemon,1
prezrenato,1
HanSanwich7,1
chinclucker,1
BiGSPiLL_,1
SonicTheAccoun1,1
revalilover69,1
YourBustyBFF,1
Faliz_again,1
TaraKaos,1
Ludiloco,1
TW1NSKELETONS,1
MatteoMerdok,1
ladynoir,1
SomeGuyNamedVee,1
Falcotuso,1
averyballsballs,1
zapakitul,1
0XXPAPI,1
ymiyeyoIII,1
Peanut_SSBU,1
bobbitwyrm,1
RustyBurns54,1
Eizro,1
BrainDraind,1
rodrilho,1
LucasFox6405,1
ShayMutant,1
MFZOOM12,1
OtakuGamer1412,1
Rekkuden,1
Williamoogle,1
pigdude,1
TheQueenFae,1
Ryse____,1
PhantomAquarius,1
SKEHP_,1
schizoidgurl,1
TeamCherryGames,1
fr0ggynb,1
LoveRetroBTW,1
b_baran28,1
EricVBailey,1
samthielman,1
EclipticSolstic,1
SmashFlashDevs,1
KikkaVO,1
ZeldasNeighbor,1
trucia81,1
cat_lux_,1
ChaosDragoness,1
nieldant,1
justan0therw00l,1
thedoddsquad,1
RandomDudeGamer,1
ArtisticRDawn,1
JDavisR11,1
mariajbianchim,1
juicefururu,1
superchewer,1
charmandead,1
DCLjasonx,1
glowning7,1
gooded_cheese,1
fi_smaster,1
ggirl1968,1
BoaJJBA,1
PresterJohn316,1
Pahssion,1
Jack_Strider,1
Daughter_Earwig,1
EmiPlayzMC,1
RPGSite,1
Numpsie,1
Maxadus_,1
Lakota_Sunshine,1
Raffosbaffos,1
SmoggyLamb49,1
newsydus,1
LuciDSea98,1
KoverasTwitch,1
matsuhannah,1
SquirrelEmperor,1
BryanFdN92,1
jabberjax48,1
CanvasPirate,1
JonWhooley,1
MittensDaKatje,1
Wattsydraws,1
AkashaSovereign,1
taufmonster,1
himu_zelda,1
Bluealiceroses,1
nambs_,1
OzmanOOS,1
SwedishKuriboh,1
sennachereb,1
FrancielBorges_,1
layenque,1
jujubeeee__,1
MLeeLunsford,1
Eximaclh,1
sssevannn,1
collisionalkiss,1
thenewyorktims,1
TiredHawaiian,1
Dior,1
downwitheggs,1
abhi2k5,1
SnowyMGS,1
aradiasArisen,1
ConsoleEthan,1
SirpoSpin,1
ChromefaceX,1
dumbmustache,1
PrissyOrcGF,1
fckthswrid,1
TitaniumSalvage,1
alexrossler_art,1
y_comal,1
leemeyer26,1
StoriesUniverse,1
DanielPessoaVO,1
zelda_lightning,1
