user_posting_tweet,user_mentioned,Type
Bearman851,Zeldathons,0
jaymisaeki,Zeldathons,0
DeMistyB,Zeldathons,0
USMC1683,HitCockBottom,0
minimarker3,PowerPlayRPG,0
minimarker3,OmarNajam,0
minimarker3,Bee_Zelda,0
minimarker3,kkamabr,0
minimarker3,ChaiKovsky,0
minimarker3,rbudd913,0
minimarker3,_Queuetimes,0
yogfan14,Ganondoodles,0
sCzar86,Zeldathons,0
weaponx1974,Zeldathons,0
forestminish,GifZelda,0
WimpyWorldwide,Zeldathons,0
CER10music,nerdist,0
Operator_Death,WizzardOfTime,0
HajuOpti,Zelda_king13,0
AnatoneRich,Zeldathons,0
Cameron08606465,Zeldathons,0
Tea_Leef,nintendolife,0
jadedboardgamer,Zeldathons,0
Cillian_032,nintendolife,0
rymalaise,nerdist,0
tsumetai_akumu,Zeldathons,0
dougyroland,nerdist,0
antonenut,nerdist,0
Guillustrator,nerdist,0
Roopat2784190,spiegelbro,0
Roopat2784190,JustVNTY,0
Roopat2784190,brustmacher,0
Roopat2784190,Mynex_,0
Roopat2784190,benni995,0
Roopat2784190,timuchiiin,0
Roopat2784190,Mupf05YT,0
Roopat2784190,YungGlurak,0
Roopat2784190,Zelda_king13,0
Roopat2784190,morispielt,0
Roopat2784190,YungKermit1,0
Roopat2784190,drecksuser,0
Roopat2784190,zockertrottel,0
Roopat2784190,GucciPepe,0
KaySaravo,GifZelda,0
ddphdhd,nerdist,0
PokeAnimates,Zeldathons,0
Kohen213,ThiccerWaifus,0
TimboSpiraken,nerdist,0
Dzident_,xFatalHeartz,0
Kraklano,ThiccerWaifus,0
GifZelda,GifZelda,1
erik_TLA,Zelda_king13,0
erik_TLA,Mupf05YT,0
erik_TLA,elonmusk,0
VenturousGamer,Zeldathons,0
Cillian_032,nintendolife,0
Kamrom,ThiccerWaifus,0
camel_frost,Zeldathons,0
camel_frost,ZeldaDungeon,0
ElNerdDeSiempre,GifZelda,0
Frootcubes,GifZelda,0
SpectralShedin1,Zeldathons,0
ZackMorrison18,nerdist,0
Moz_Art2,nerdist,0
DausenMoore,PlayStation,0
HylianJayYT,Nintendeal,0
EfejotaRenton,VideojuegosGAME,0
Whomsted_,nerdist,0
verus_alex,Zelda_king13,0
marylena_e,WizzardOfTime,0
tacosdegatos,nerdist,0
TheWigglyPlant,Zeldathons,0
BabetteKD,MimiMerlot,0
BabetteKD,Bee_Zelda,0
TheShaunSmall,Zeldathons,0
ShabihAnwer,Zelda_king13,0
ShabihAnwer,elonmusk,0
vantweetsit,Zelda_king13,0
Mupf05YT,Zelda_king13,0
Mupf05YT,elonmusk,0
erik_TLA,Zelda_king13,0
Kryl3x,Zelda_king13,0
ItsMeAgainHEYY,Zelda_king13,0
PAESAR40,Zelda_king13,0
sech28,Zelda_king13,0
lucky_cat17,ThiccerWaifus,0
StargazerBleu,Zeldathons,0
OrpheusSilver,Zeldathons,0
espi9kakarot,VideojuegosGAME,0
FennexFoxes,ThiccerWaifus,0
Moz_Art2,disco_socialist,0
Donnytofu,nerdist,0
DylanDaGoat05,Zeldathons,0
tuxedobowser,Zeldathons,0
YuuMonMu,Zeldathons,0
ianmcgroober1,Zeldathons,0
happypeep,Zeldathons,0
vcktorius,Zeldathons,0
vcktorius,ZeldaUniverse,0
My_Echo4,Zeldathons,0
ArliciaS,Zeldathons,0
TimersTime,spiegelbro,0
TimersTime,JustVNTY,0
TimersTime,YungGlurak,0
TimersTime,drecksuser,0
TimersTime,Mupf05YT,0
TimersTime,DonBauero,0
TimersTime,YungKermit1,0
TimersTime,Mynex_,0
TimersTime,yflexn0,0
TimersTime,Zelda_king13,0
koenkans,Zeldathons,0
RyabWasHere,Zeldathons,0
julioGz10,Zeldathons,0
julioGz10,ZeldaUniverse,0
NotBrianOk,IGN,0
timid_belle,Zeldathons,0
timid_belle,ZeldaUniverse,0
Nintendeal,Nintendeal,1
ThadiganArtemis,nerdist,0
megaloboxer,Zeldathons,0
megaloboxer,ZeldaUniverse,0
SkuhdlifeProdi,ThiccerWaifus,0
Poxxum,disco_socialist,0
SocialistCoffee,disco_socialist,0
ABetterRed,disco_socialist,0
henri_le_lapin,Zeldathons,0
henri_le_lapin,ZeldaUniverse,0
AlucardsQuest,nintendolife,0
jwie86,Zeldathons,0
Roberto_i0,spiegelbro,0
Roberto_i0,JustVNTY,0
Roberto_i0,YungGlurak,0
Roberto_i0,drecksuser,0
Roberto_i0,Mupf05YT,0
Roberto_i0,DonBauero,0
Roberto_i0,YungKermit1,0
Roberto_i0,Mynex_,0
Roberto_i0,yflexn0,0
Roberto_i0,Zelda_king13,0
psycosulu,Zeldathons,0
TMNTNerds,nerdist,0
morispielt,GucciPepe,0
morispielt,spiegelbro,0
morispielt,JustVNTY,0
morispielt,brustmacher,0
morispielt,Mynex_,0
morispielt,benni995,0
morispielt,timuchiiin,0
morispielt,Mupf05YT,0
morispielt,YungGlurak,0
morispielt,Zelda_king13,0
morispielt,YungKermit1,0
morispielt,drecksuser,0
morispielt,zockertrottel,0
SkunkStarlight,Zeldathons,0
GucciPepe,morispielt,0
GucciPepe,spiegelbro,0
GucciPepe,JustVNTY,0
GucciPepe,brustmacher,0
GucciPepe,Mynex_,0
GucciPepe,benni995,0
GucciPepe,timuchiiin,0
GucciPepe,Mupf05YT,0
GucciPepe,YungGlurak,0
GucciPepe,Zelda_king13,0
GucciPepe,YungKermit1,0
GucciPepe,drecksuser,0
GucciPepe,zockertrottel,0
morispielt,GucciPepe,0
morispielt,spiegelbro,0
morispielt,JustVNTY,0
morispielt,brustmacher,0
morispielt,Mynex_,0
morispielt,benni995,0
morispielt,timuchiiin,0
morispielt,Mupf05YT,0
morispielt,YungGlurak,0
morispielt,Zelda_king13,0
morispielt,YungKermit1,0
morispielt,drecksuser,0
morispielt,zockertrottel,0
GucciPepe,spiegelbro,0
GucciPepe,JustVNTY,0
GucciPepe,brustmacher,0
GucciPepe,Mynex_,0
GucciPepe,benni995,0
GucciPepe,timuchiiin,0
GucciPepe,Mupf05YT,0
GucciPepe,YungGlurak,0
GucciPepe,Zelda_king13,0
GucciPepe,morispielt,0
GucciPepe,YungKermit1,0
GucciPepe,drecksuser,0
GucciPepe,zockertrottel,0
JadzOfAllTrades,Zeldathons,0
andres_edoardo,ZachariusD,0
jedzelex,GifZelda,0
ScanorHelio,RanguGamer,0
ianclarkson,Zeldathons,0
FatTonyX,Zeldathons,0
skelepuzzle,disco_socialist,0
disco_socialist,disco_socialist,1
Alex_Blastfire,Zeldathons,0
Alex_Blastfire,ZeldaUniverse,0
AlucardsQuest,nerdist,0
devbo95482,Zeldathons,0
devbo95482,ZeldaUniverse,0
timotations,Nintendeal,0
Kavin_DDO,YouTube,0
GrillzVonSizzle,Zeldathons,0
wingweaver84,Zeldathons,0
wingweaver84,ZeldaUniverse,0
Atzeloth,Zeldathons,0
nonspecificgen1,nintendolife,0
NoctisBoys,NintendoAmerica,0
RR4mpage,IGN,0
disco_socialist,disco_socialist,1
AshHallock,Zeldathons,0
AshHallock,ZeldaUniverse,0
DislexicPotato,nerdist,0
Bambeatz,xFatalHeartz,0
wndringpilgrm,Zeldathons,0
wndringpilgrm,ZeldaUniverse,0
Shadowlover007,Ylaylee,0
Aron_Todd,HitCockBottom,0
LiminalityCarb,Zeldathons,0
HHyrule88,Zeldathons,0
HHyrule88,ZeldaUniverse,0
DJGames84,WizzardOfTime,0
DominickAshtear,Zeldathons,0
Shadowlover007,Zeldathons,0
fulmetal_asian,ZachariusD,0
oculopolis,nerdist,0
JesusG_Mata,Zeldathons,0
Two1andLewis,Zeldathons,0
Two1andLewis,ZeldaUniverse,0
rileychurch,nerdist,0
Deffshot,Zeldathons,0
Keymac140,Zeldathons,0
OtraVez1967,MommaTwexy,0
OtraVez1967,cat_magic3,0
OtraVez1967,Bonu19RC,0
OtraVez1967,SarahSiren16,0
OtraVez1967,UKLCH,0
OtraVez1967,AlliCamAllison,0
OtraVez1967,Antonel56196938,0
OtraVez1967,A_Darya79,0
OtraVez1967,DonnaVita4,0
OtraVez1967,rumplewrld,0
OtraVez1967,abibliophobica,0
OtraVez1967,NiaNiam2,0
OtraVez1967,tweetNorvena,0
OtraVez1967,sithlord_zelda,0
OtraVez1967,Oh_Marie1,0
OtraVez1967,Rumple12th,0
zachwoliner,Zeldathons,0
sousalef,Zeldathons,0
deon_lt,Zeldathons,0
bayden_wolfe,Zeldathons,0
glennchachi,Zeldathons,0
glennchachi,ZeldaUniverse,0
TheBroedeShow,Zeldathons,0
mrcoledude,Zeldathons,0
Trianull,Zeldathons,0
SRasmussen17,Zeldathons,0
joelturnerolco1,Zeldathons,0
nachocheezit,nerdist,0
LightstyleTV,WizzardOfTime,0
characterselect,Zeldathons,0
MrAndreNelson,Zeldathons,0
punkpublican,HitCockBottom,0
Allclassguy,Zeldathons,0
TheMegaOddly,PlayStation,0
RyothTV_,Zelda_king13,0
GurdenSmith,Zeldathons,0
thumbsupfinance,Zeldathons,0
y2kjohn9,Zeldathons,0
y2kjohn9,ZeldaDungeon,0
KAIZOandLUCIE,Zeldathons,0
JuiceMan_V,nintendolife,0
cgphill12,Zeldathons,0
zockertrottel,spiegelbro,0
zockertrottel,JustVNTY,0
zockertrottel,brustmacher,0
zockertrottel,Mynex_,0
zockertrottel,benni995,0
zockertrottel,timuchiiin,0
zockertrottel,Mupf05YT,0
zockertrottel,YungGlurak,0
zockertrottel,Zelda_king13,0
zockertrottel,morispielt,0
zockertrottel,YungKermit1,0
zockertrottel,drecksuser,0
zockertrottel,GucciPepe,0
ArthurBlackpud1,Zeldathons,0
AzmanaPacheco,Zeldathons,0
Hylainprincess,Zeldathons,0
Hylainprincess,ZeldaDungeon,0
skpmd,ZachariusD,0
CasualVader,Zeldathons,0
CasualVader,ZeldaUniverse,0
bunniecooper,YouTube,0
GodOfCoffeeYT,YouTube,0
JannitutsG,Zelda_king13,0
JSlackyy,Zeldathons,0
MashuXIII,Zeldathons,0
uncannythor51,Zeldathons,0
uncannythor51,ZeldaUniverse,0
JWarrian,Zeldathons,0
MesdenTV,ThiccerWaifus,0
WingDings369,nerdist,0
metalblade616,Zeldathons,0
flipitbleu,Zeldathons,0
beondhuman,Zeldathons,0
GogusGangus,Zeldathons,0
Swotu5844,Zeldathons,0
Swotu5844,ZeldaUniverse,0
montelll13,Zeldathons,0
montelll13,ZeldaUniverse,0
EricSFong,ThiccerWaifus,0
RipRodr,Zeldathons,0
RipRodr,ZeldaUniverse,0
HotTPSG,Zeldathons,0
HotTPSG,ZeldaUniverse,0
ImShepTV,Zeldathons,0
thatBarbarella,Ganondoodles,0
RuBee71791386,Zeldathons,0
markyg83,Zeldathons,0
markyg83,ZeldaDungeon,0
canderson1989,Zeldathons,0
TheRageDad,Zeldathons,0
TheRageDad,ZeldaUniverse,0
87StarsBen,ThiccerWaifus,0
Feelup74,Zeldathons,0
Feelup74,ZeldaUniverse,0
JJArnone,Zeldathons,0
Dellraiser,nerdist,0
DontvisitFargo,ThiccerWaifus,0
BAGETSU_,Zeldathons,0
BAGETSU_,ZeldaUniverse,0
JustVNTY,spiegelbro,0
JustVNTY,brustmacher,0
JustVNTY,Mynex_,0
JustVNTY,benni995,0
JustVNTY,timuchiiin,0
JustVNTY,Mupf05YT,0
JustVNTY,YungGlurak,0
JustVNTY,Zelda_king13,0
JustVNTY,morispielt,0
JustVNTY,YungKermit1,0
JustVNTY,drecksuser,0
JustVNTY,zockertrottel,0
JustVNTY,GucciPepe,0
zachwoliner,Zeldathons,0
OtraVez1967,NiaNiam2,0
OtraVez1967,MommaTwexy,0
OtraVez1967,cat_magic3,0
OtraVez1967,Bonu19RC,0
OtraVez1967,SarahSiren16,0
OtraVez1967,UKLCH,0
OtraVez1967,AlliCamAllison,0
OtraVez1967,Antonel56196938,0
OtraVez1967,A_Darya79,0
OtraVez1967,DonnaVita4,0
OtraVez1967,rumplewrld,0
OtraVez1967,abibliophobica,0
OtraVez1967,tweetNorvena,0
OtraVez1967,sithlord_zelda,0
OtraVez1967,Oh_Marie1,0
OtraVez1967,Rumple12th,0
sapphiresea90,Zeldathons,0
SSGSS_Theo,Zeldathons,0
OtraVez1967,MommaTwexy,0
OtraVez1967,cat_magic3,0
OtraVez1967,Bonu19RC,0
OtraVez1967,SarahSiren16,0
OtraVez1967,UKLCH,0
OtraVez1967,AlliCamAllison,0
OtraVez1967,Antonel56196938,0
OtraVez1967,A_Darya79,0
OtraVez1967,DonnaVita4,0
OtraVez1967,rumplewrld,0
OtraVez1967,abibliophobica,0
OtraVez1967,NiaNiam2,0
OtraVez1967,tweetNorvena,0
OtraVez1967,sithlord_zelda,0
OtraVez1967,Oh_Marie1,0
OtraVez1967,Rumple12th,0
sim0nysl,Zelda_king13,0
sim0nysl,spiegelbro,0
sim0nysl,JustVNTY,0
sim0nysl,YungGlurak,0
sim0nysl,drecksuser,0
sim0nysl,Mupf05YT,0
sim0nysl,DonBauero,0
sim0nysl,YungKermit1,0
sim0nysl,Mynex_,0
sim0nysl,yflexn0,0
Iguessimdem0ns,Zeldathons,0
Colonel_Majora,Zeldathons,0
LimlisSays,Zeldathons,0
OtraVez1967,MommaTwexy,0
OtraVez1967,cat_magic3,0
OtraVez1967,Bonu19RC,0
OtraVez1967,SarahSiren16,0
OtraVez1967,UKLCH,0
OtraVez1967,AlliCamAllison,0
OtraVez1967,Antonel56196938,0
OtraVez1967,A_Darya79,0
OtraVez1967,DonnaVita4,0
OtraVez1967,rumplewrld,0
OtraVez1967,abibliophobica,0
OtraVez1967,NiaNiam2,0
OtraVez1967,tweetNorvena,0
OtraVez1967,sithlord_zelda,0
OtraVez1967,Oh_Marie1,0
OtraVez1967,Rumple12th,0
Briian1425,Zeldathons,0
Briian1425,ZeldaUniverse,0
TheReal_RevDog,nerdist,0
JerryDavies1408,Zeldathons,0
TheTruBilliam43,Zeldathons,0
TheTruBilliam43,ZeldaUniverse,0
DanielFlaman,HMKilla,0
agentjrb,Zeldathons,0
keylimefly,NintendoAmerica,0
keylimefly,USJ_Official,0
fractal_grid,Zeldathons,0
OkuuFallout,Zeldathons,0
petebasgen,NintendoAmerica,0
Lum_i28,JVCom,0
morispielt,spiegelbro,0
morispielt,JustVNTY,0
morispielt,brustmacher,0
morispielt,Mynex_,0
morispielt,benni995,0
morispielt,timuchiiin,0
morispielt,Mupf05YT,0
morispielt,YungGlurak,0
morispielt,Zelda_king13,0
morispielt,YungKermit1,0
morispielt,drecksuser,0
morispielt,zockertrottel,0
morispielt,GucciPepe,0
lockebln3,Zelda_king13,0
Pocvou,Zeldathons,0
Pocvou,ZeldaUniverse,0
elonmuskssohn,spiegelbro,0
elonmuskssohn,JustVNTY,0
elonmuskssohn,YungGlurak,0
elonmuskssohn,drecksuser,0
elonmuskssohn,Mupf05YT,0
elonmuskssohn,DonBauero,0
elonmuskssohn,YungKermit1,0
elonmuskssohn,Mynex_,0
elonmuskssohn,yflexn0,0
elonmuskssohn,Zelda_king13,0
coopalupe,nerdist,0
cdric_1409,spiegelbro,0
cdric_1409,JustVNTY,0
cdric_1409,YungGlurak,0
cdric_1409,drecksuser,0
cdric_1409,Mupf05YT,0
cdric_1409,DonBauero,0
cdric_1409,YungKermit1,0
cdric_1409,Mynex_,0
cdric_1409,yflexn0,0
cdric_1409,Zelda_king13,0
RoberOnocle,Zeldathons,0
chescojav,Zeldathons,0
chescojav,ZeldaUniverse,0
chinadolldx,nerdist,0
Mupf05YT,spiegelbro,0
Mupf05YT,JustVNTY,0
Mupf05YT,brustmacher,0
Mupf05YT,Mynex_,0
Mupf05YT,benni995,0
Mupf05YT,timuchiiin,0
Mupf05YT,YungGlurak,0
Mupf05YT,Zelda_king13,0
Mupf05YT,morispielt,0
Mupf05YT,YungKermit1,0
Mupf05YT,drecksuser,0
Mupf05YT,zockertrottel,0
Mupf05YT,GucciPepe,0
_Merikur_,Zeldathons,0
_Merikur_,ZeldaUniverse,0
spiegelbro,JustVNTY,0
spiegelbro,brustmacher,0
spiegelbro,Mynex_,0
spiegelbro,benni995,0
spiegelbro,timuchiiin,0
spiegelbro,Mupf05YT,0
spiegelbro,YungGlurak,0
spiegelbro,Zelda_king13,0
spiegelbro,morispielt,0
spiegelbro,YungKermit1,0
spiegelbro,drecksuser,0
spiegelbro,zockertrottel,0
spiegelbro,GucciPepe,0
Mjspanky,nerdist,0
Nike_Rell,Zeldathons,0
wdvierzig,spiegelbro,0
wdvierzig,JustVNTY,0
wdvierzig,YungGlurak,0
wdvierzig,drecksuser,0
wdvierzig,Mupf05YT,0
wdvierzig,DonBauero,0
wdvierzig,YungKermit1,0
wdvierzig,Mynex_,0
wdvierzig,yflexn0,0
wdvierzig,Zelda_king13,0
Darkhourglass,Ganondoodles,0
256Minion,nerdist,0
Stephen082,Zeldathons,0
Mupf05YT,spiegelbro,0
Mupf05YT,JustVNTY,0
Mupf05YT,YungGlurak,0
Mupf05YT,drecksuser,0
Mupf05YT,DonBauero,0
Mupf05YT,YungKermit1,0
Mupf05YT,Mynex_,0
Mupf05YT,yflexn0,0
Mupf05YT,Zelda_king13,0
NiaNiam2,MommaTwexy,0
NiaNiam2,cat_magic3,0
NiaNiam2,Bonu19RC,0
NiaNiam2,SarahSiren16,0
NiaNiam2,UKLCH,0
NiaNiam2,AlliCamAllison,0
NiaNiam2,Antonel56196938,0
NiaNiam2,A_Darya79,0
NiaNiam2,DonnaVita4,0
NiaNiam2,rumplewrld,0
NiaNiam2,abibliophobica,0
NiaNiam2,tweetNorvena,0
NiaNiam2,sithlord_zelda,0
NiaNiam2,Oh_Marie1,0
NiaNiam2,Rumple12th,0
spiegelbro,JustVNTY,0
spiegelbro,YungGlurak,0
spiegelbro,drecksuser,0
spiegelbro,Mupf05YT,0
spiegelbro,DonBauero,0
spiegelbro,YungKermit1,0
spiegelbro,Mynex_,0
spiegelbro,yflexn0,0
spiegelbro,Zelda_king13,0
HighChaparralgl,MommaTwexy,0
HighChaparralgl,cat_magic3,0
HighChaparralgl,Bonu19RC,0
HighChaparralgl,SarahSiren16,0
HighChaparralgl,UKLCH,0
HighChaparralgl,AlliCamAllison,0
HighChaparralgl,Antonel56196938,0
HighChaparralgl,A_Darya79,0
HighChaparralgl,DonnaVita4,0
HighChaparralgl,rumplewrld,0
HighChaparralgl,abibliophobica,0
HighChaparralgl,NiaNiam2,0
HighChaparralgl,tweetNorvena,0
HighChaparralgl,sithlord_zelda,0
HighChaparralgl,Oh_Marie1,0
HighChaparralgl,Rumple12th,0
cephalopod_love,Zeldathons,0
cephalopod_love,ZeldaUniverse,0
SupremeSchaf,spiegelbro,0
SupremeSchaf,JustVNTY,0
SupremeSchaf,YungGlurak,0
SupremeSchaf,drecksuser,0
SupremeSchaf,Mupf05YT,0
SupremeSchaf,DonBauero,0
SupremeSchaf,YungKermit1,0
SupremeSchaf,Mynex_,0
SupremeSchaf,yflexn0,0
SupremeSchaf,Zelda_king13,0
spiegelbro,Zelda_king13,0
spiegelbro,JustVNTY,0
spiegelbro,YungGlurak,0
spiegelbro,drecksuser,0
spiegelbro,Mupf05YT,0
spiegelbro,DonBauero,0
spiegelbro,YungKermit1,0
spiegelbro,Mynex_,0
spiegelbro,yflexn0,0
spiegelbro,Mupf05YT,0
spiegelbro,JustVNTY,0
spiegelbro,YungGlurak,0
spiegelbro,drecksuser,0
spiegelbro,DonBauero,0
spiegelbro,YungKermit1,0
spiegelbro,Mynex_,0
spiegelbro,yflexn0,0
spiegelbro,Zelda_king13,0
Ashitaka1110,Zeldathons,0
blizmo2,Zeldathons,0
blizmo2,ZeldaUniverse,0
Wolffz580,Zeldathons,0
Wolffz580,ZeldaUniverse,0
Zeldafa33546926,Zeldathons,0
Zeldafa33546926,ZeldaUniverse,0
SLRDLLSDZR,Zeldathons,0
SLRDLLSDZR,ZeldaUniverse,0
Mupf05YT,spiegelbro,0
Mupf05YT,JustVNTY,0
Mupf05YT,YungGlurak,0
Mupf05YT,drecksuser,0
Mupf05YT,DonBauero,0
Mupf05YT,YungKermit1,0
Mupf05YT,Mynex_,0
Mupf05YT,yflexn0,0
Mupf05YT,Zelda_king13,0
lilfoot06,spiegelbro,0
lilfoot06,JustVNTY,0
lilfoot06,YungGlurak,0
lilfoot06,drecksuser,0
lilfoot06,Mupf05YT,0
lilfoot06,DonBauero,0
lilfoot06,YungKermit1,0
lilfoot06,Mynex_,0
lilfoot06,yflexn0,0
lilfoot06,Zelda_king13,0
banjo_ok,nintendolife,0
mlf140,Zeldathons,0
mlf140,ZeldaUniverse,0
Mynex_,spiegelbro,0
Mynex_,JustVNTY,0
Mynex_,YungGlurak,0
Mynex_,drecksuser,0
Mynex_,Mupf05YT,0
Mynex_,DonBauero,0
Mynex_,YungKermit1,0
Mynex_,yflexn0,0
Mynex_,Zelda_king13,0
myboerek,spiegelbro,0
myboerek,JustVNTY,0
myboerek,YungGlurak,0
myboerek,drecksuser,0
myboerek,Mupf05YT,0
myboerek,DonBauero,0
myboerek,YungKermit1,0
myboerek,Mynex_,0
myboerek,yflexn0,0
myboerek,Zelda_king13,0
yflexn0,spiegelbro,0
yflexn0,JustVNTY,0
yflexn0,YungGlurak,0
yflexn0,drecksuser,0
yflexn0,Mupf05YT,0
yflexn0,DonBauero,0
yflexn0,YungKermit1,0
yflexn0,Mynex_,0
yflexn0,Zelda_king13,0
banjo_ok,nintendolife,0
Heartle55Prince,Zeldathons,0
Heartle55Prince,ZeldaUniverse,0
MikeRohSoft_,spiegelbro,0
MikeRohSoft_,JustVNTY,0
MikeRohSoft_,YungGlurak,0
MikeRohSoft_,drecksuser,0
MikeRohSoft_,Mupf05YT,0
MikeRohSoft_,DonBauero,0
MikeRohSoft_,YungKermit1,0
MikeRohSoft_,Mynex_,0
MikeRohSoft_,yflexn0,0
MikeRohSoft_,Zelda_king13,0
spiegelbro,JustVNTY,0
spiegelbro,YungGlurak,0
spiegelbro,drecksuser,0
spiegelbro,Mupf05YT,0
spiegelbro,DonBauero,0
spiegelbro,YungKermit1,0
spiegelbro,Mynex_,0
spiegelbro,yflexn0,0
spiegelbro,Zelda_king13,0
YungKermit1,spiegelbro,0
YungKermit1,JustVNTY,0
YungKermit1,YungGlurak,0
YungKermit1,drecksuser,0
YungKermit1,Mupf05YT,0
YungKermit1,DonBauero,0
YungKermit1,Mynex_,0
YungKermit1,yflexn0,0
YungKermit1,Zelda_king13,0
RocketttZ,spiegelbro,0
RocketttZ,JustVNTY,0
RocketttZ,YungGlurak,0
RocketttZ,drecksuser,0
RocketttZ,Mupf05YT,0
RocketttZ,DonBauero,0
RocketttZ,YungKermit1,0
RocketttZ,Mynex_,0
RocketttZ,yflexn0,0
RocketttZ,Zelda_king13,0
SupremeSchaf,spiegelbro,0
SupremeSchaf,JustVNTY,0
SupremeSchaf,YungGlurak,0
SupremeSchaf,drecksuser,0
SupremeSchaf,Mupf05YT,0
SupremeSchaf,DonBauero,0
SupremeSchaf,YungKermit1,0
SupremeSchaf,Mynex_,0
SupremeSchaf,yflexn0,0
SupremeSchaf,Zelda_king13,0
littlesmegger,Zeldathons,0
littlesmegger,ZeldaUniverse,0
spiegelbro,JustVNTY,0
spiegelbro,YungGlurak,0
spiegelbro,drecksuser,0
spiegelbro,Mupf05YT,0
spiegelbro,DonBauero,0
spiegelbro,YungKermit1,0
spiegelbro,Mynex_,0
spiegelbro,yflexn0,0
spiegelbro,Zelda_king13,0
xlxx___,spiegelbro,0
xlxx___,JustVNTY,0
xlxx___,YungGlurak,0
xlxx___,drecksuser,0
xlxx___,Mupf05YT,0
xlxx___,DonBauero,0
xlxx___,YungKermit1,0
xlxx___,Mynex_,0
xlxx___,yflexn0,0
xlxx___,Zelda_king13,0
monkqn,spiegelbro,0
monkqn,JustVNTY,0
monkqn,YungGlurak,0
monkqn,drecksuser,0
monkqn,Mupf05YT,0
monkqn,DonBauero,0
monkqn,YungKermit1,0
monkqn,Mynex_,0
monkqn,yflexn0,0
monkqn,Zelda_king13,0
MikeRohSoft_,spiegelbro,0
MikeRohSoft_,JustVNTY,0
MikeRohSoft_,YungGlurak,0
MikeRohSoft_,drecksuser,0
MikeRohSoft_,Mupf05YT,0
MikeRohSoft_,DonBauero,0
MikeRohSoft_,YungKermit1,0
MikeRohSoft_,Mynex_,0
MikeRohSoft_,yflexn0,0
MikeRohSoft_,Zelda_king13,0
BeShiek,Zeldathons,0
BeShiek,ZeldaUniverse,0
GTL1982,ZachariusD,0
SirPoofington,Zeldathons,0
SirPoofington,ZeldaUniverse,0
ItsMeAgainHEYY,Zelda_king13,0
captainwizard,ZachariusD,0
Jonzor234,ZachariusD,0
Mupf05YT,Zelda_king13,0
Mupf05YT,drecksuser,0
Cillian_032,nintendolife,0
YvoDreamcatcher,A_Darya79,0
YvoDreamcatcher,MommaTwexy,0
YvoDreamcatcher,cat_magic3,0
YvoDreamcatcher,Bonu19RC,0
YvoDreamcatcher,SarahSiren16,0
YvoDreamcatcher,UKLCH,0
YvoDreamcatcher,AlliCamAllison,0
YvoDreamcatcher,Antonel56196938,0
YvoDreamcatcher,DonnaVita4,0
YvoDreamcatcher,rumplewrld,0
YvoDreamcatcher,abibliophobica,0
YvoDreamcatcher,NiaNiam2,0
YvoDreamcatcher,tweetNorvena,0
YvoDreamcatcher,sithlord_zelda,0
YvoDreamcatcher,Oh_Marie1,0
YvoDreamcatcher,Rumple12th,0
Topplenaut,Zeldathons,0
NMEnygma,Zeldathons,0
PopCulturePD,ThiccerWaifus,0
memoryyetgreen,Zeldathons,0
MattDLuke,Zeldathons,0
Jusacuz,Zeldathons,0
Mupf05YT,Zelda_king13,0
Mupf05YT,drecksuser,0
Mupf05YT,Zelda_king13,0
Mupf05YT,drecksuser,0
JannitutsG,Zelda_king13,0
EscheroOfficial,Zeldathons,0
thegamebrass,Zeldathons,0
BrettCook712,nerdist,0
mikeno1980,Zeldathons,0
xMYHATREDx,Scotland1509,0
xMYHATREDx,xFatalHeartz,0
xMYHATREDx,xstex,0
xMYHATREDx,GenesaurusRex,0
OtraVez1967,A_Darya79,0
OtraVez1967,MommaTwexy,0
OtraVez1967,cat_magic3,0
OtraVez1967,Bonu19RC,0
OtraVez1967,SarahSiren16,0
OtraVez1967,UKLCH,0
OtraVez1967,AlliCamAllison,0
OtraVez1967,Antonel56196938,0
OtraVez1967,DonnaVita4,0
OtraVez1967,rumplewrld,0
OtraVez1967,abibliophobica,0
OtraVez1967,NiaNiam2,0
OtraVez1967,tweetNorvena,0
OtraVez1967,sithlord_zelda,0
OtraVez1967,Oh_Marie1,0
OtraVez1967,Rumple12th,0
EscheroOfficial,ThiccerWaifus,0
NotEnoughGolds,Zeldathons,0
axistenth,Zeldathons,0
OtraVez1967,sithlord_zelda,0
OtraVez1967,MommaTwexy,0
OtraVez1967,cat_magic3,0
OtraVez1967,Bonu19RC,0
OtraVez1967,SarahSiren16,0
OtraVez1967,UKLCH,0
OtraVez1967,AlliCamAllison,0
OtraVez1967,Antonel56196938,0
OtraVez1967,A_Darya79,0
OtraVez1967,DonnaVita4,0
OtraVez1967,rumplewrld,0
OtraVez1967,abibliophobica,0
OtraVez1967,NiaNiam2,0
OtraVez1967,tweetNorvena,0
OtraVez1967,Oh_Marie1,0
OtraVez1967,Rumple12th,0
cdric_1409,Zelda_king13,0
Scotland1509,xFatalHeartz,0
Scotland1509,xstex,0
Scotland1509,GenesaurusRex,0
OtraVez1967,MommaTwexy,0
OtraVez1967,cat_magic3,0
OtraVez1967,Bonu19RC,0
OtraVez1967,SarahSiren16,0
OtraVez1967,UKLCH,0
OtraVez1967,AlliCamAllison,0
OtraVez1967,Antonel56196938,0
OtraVez1967,A_Darya79,0
OtraVez1967,DonnaVita4,0
OtraVez1967,rumplewrld,0
OtraVez1967,abibliophobica,0
OtraVez1967,NiaNiam2,0
OtraVez1967,tweetNorvena,0
OtraVez1967,sithlord_zelda,0
OtraVez1967,Oh_Marie1,0
OtraVez1967,Rumple12th,0
konsti51214,Zelda_king13,0
A_Darya79,MommaTwexy,0
A_Darya79,cat_magic3,0
A_Darya79,Bonu19RC,0
A_Darya79,SarahSiren16,0
A_Darya79,UKLCH,0
A_Darya79,AlliCamAllison,0
A_Darya79,Antonel56196938,0
A_Darya79,DonnaVita4,0
A_Darya79,rumplewrld,0
A_Darya79,abibliophobica,0
A_Darya79,NiaNiam2,0
A_Darya79,tweetNorvena,0
A_Darya79,sithlord_zelda,0
A_Darya79,Oh_Marie1,0
A_Darya79,Rumple12th,0
ODellHarmonJr,ZachariusD,0
zane622,nerdist,0
narunoodz,Zeldathons,0
FxBlvck,Zelda_king13,0
Fabi7911,Zeldathons,0
AmazingDrewbob,Zeldathons,0
AmazinglyCrapt1,nerdist,0
YvoDreamcatcher,MommaTwexy,0
YvoDreamcatcher,cat_magic3,0
YvoDreamcatcher,Bonu19RC,0
YvoDreamcatcher,SarahSiren16,0
YvoDreamcatcher,UKLCH,0
YvoDreamcatcher,AlliCamAllison,0
YvoDreamcatcher,Antonel56196938,0
YvoDreamcatcher,A_Darya79,0
YvoDreamcatcher,DonnaVita4,0
YvoDreamcatcher,rumplewrld,0
YvoDreamcatcher,abibliophobica,0
YvoDreamcatcher,NiaNiam2,0
YvoDreamcatcher,tweetNorvena,0
YvoDreamcatcher,sithlord_zelda,0
YvoDreamcatcher,Oh_Marie1,0
YvoDreamcatcher,Rumple12th,0
zeldahorizons,Zeldathons,0
Rumple12th,MommaTwexy,0
Rumple12th,cat_magic3,0
Rumple12th,Bonu19RC,0
Rumple12th,SarahSiren16,0
Rumple12th,UKLCH,0
Rumple12th,AlliCamAllison,0
Rumple12th,Antonel56196938,0
Rumple12th,A_Darya79,0
Rumple12th,DonnaVita4,0
Rumple12th,rumplewrld,0
Rumple12th,abibliophobica,0
Rumple12th,NiaNiam2,0
Rumple12th,tweetNorvena,0
Rumple12th,sithlord_zelda,0
Rumple12th,Oh_Marie1,0
OtraVez1967,MommaTwexy,0
OtraVez1967,cat_magic3,0
OtraVez1967,Bonu19RC,0
OtraVez1967,SarahSiren16,0
OtraVez1967,UKLCH,0
OtraVez1967,AlliCamAllison,0
OtraVez1967,Antonel56196938,0
OtraVez1967,A_Darya79,0
OtraVez1967,DonnaVita4,0
OtraVez1967,rumplewrld,0
OtraVez1967,abibliophobica,0
OtraVez1967,NiaNiam2,0
OtraVez1967,tweetNorvena,0
OtraVez1967,sithlord_zelda,0
OtraVez1967,Oh_Marie1,0
OtraVez1967,Rumple12th,0
MeanBeanSteen,Zeldathons,0
timesahourglass,Zeldathons,0
Kryl3x,Zelda_king13,0
LCeb13,nerdist,0
ThatOneJake,ZachariusD,0
LightningKyle,HMKilla,0
konsti51214,Zelda_king13,0
tjamara_,Zelda_king13,0
Shaxreym,Zelda_king13,0
BlooTimbs,Zeldathons,0
element_61,nerdist,0
shaispain_,Zelda_king13,0
sharp_iiii,Zelda_king13,0
TheRealBrzungdy,Zeldathons,0
Ovumel,Zeldathons,0
BunBanely,Ganondoodles,0
NGDAverk,UKLCH,0
NGDAverk,cat_magic3,0
NGDAverk,A_Darya79,0
NGDAverk,NiaNiam2,0
NGDAverk,Bonu19RC,0
NGDAverk,KingCarlyle_,0
NGDAverk,Paula_McCarlyle,0
NGDAverk,NadinFrog,0
NGDAverk,MommaTwexy,0
NGDAverk,DonnaVita4,0
NGDAverk,sithlord_zelda,0
NGDAverk,bonnietylerfan5,0
NGDAverk,Oh_Marie1,0
NGDAverk,tweetNorvena,0
NGDAverk,Anna55714043,0
funnily_unfunny,Zeldathons,0
DarthGordoPR,nerdist,0
feelgoodclubb,ThiccerWaifus,0
ChilligChillig7,Zelda_king13,0
jennerman005,Nintendeal,0
MefistoG,WizzardOfTime,0
Wurtzel_TM,Zeldathons,0
Renwin64,Zeldathons,0
SigiSchnosel,Zelda_king13,0
skepticalpunk,HMKilla,0
UltSaiyanBryan,Zeldathons,0
yukimura_4,RanguGamer,0
FallnPhoenix,nerdist,0
lttlkng,Zeldathons,0
NecrolytheGames,WizzardOfTime,0
Finn_Dingo,ZachariusD,0
GhostDogVG,WizzardOfTime,0
Rellic1980,Zeldathons,0
Seaphron,ZachariusD,0
Willowstration,nerdist,0
blakeouellet,ZachariusD,0
MarkPR85,Zeldathons,0
foo_hazard,nerdist,0
GwenRoseComedy,ZachariusD,0
misterapathy,ZachariusD,0
hotelroomkeyz,nerdist,0
TheLargeEgg,nerdist,0
Nickvonwilhelm,nerdist,0
loudthorpe,roberto2_lamela,0
loudthorpe,AuroraBlogspot,0
loudthorpe,OndaCivica_EU,0
loudthorpe,AntonioSassone7,0
loudthorpe,Fata_Turch,0
loudthorpe,stefano_b_l,0
loudthorpe,CristianCar79,0
loudthorpe,robe_marc,0
loudthorpe,DANZAMPY,0
loudthorpe,salfasanop,0
loudthorpe,salcinz,0
loudthorpe,Agricolturabio1,0
loudthorpe,AnnaRagosta,0
loudthorpe,Zelda_51,0
loudthorpe,Ad2015Pasquino,0
loudthorpe,bb91687509,0
loudthorpe,webargentarius,0
coobra321,Ylaylee,0
SoWMontaru,Zeldathons,0
ZachariusD,ZachariusD,1
OzpinTargaryen,YouTube,0
Calibanie,nerdist,0
liquidspace_art,ThiccerWaifus,0
AlasdairForbes1,rbudd913,0
AlasdairForbes1,Gemin1Lightning,0
AlasdairForbes1,PowerPlayRPG,0
AlasdairForbes1,OmarNajam,0
AlasdairForbes1,Bee_Zelda,0
AlasdairForbes1,kkamabr,0
AlasdairForbes1,ChaiKovsky,0
AlasdairForbes1,_Queuetimes,0
MILKYMILKYMOMMY,ThiccerWaifus,0
stoodlemayer,rbudd913,0
stoodlemayer,ChaiKovsky,0
stoodlemayer,AlasdairForbes1,0
stoodlemayer,Gemin1Lightning,0
stoodlemayer,PowerPlayRPG,0
stoodlemayer,OmarNajam,0
stoodlemayer,Bee_Zelda,0
stoodlemayer,kkamabr,0
stoodlemayer,_Queuetimes,0
Ickabod27,Zeldathons,0
thesejus,RanguGamer,0
Sebasto_Kegs,nerdist,0
huarachesverdes,Zeldathons,0
huarachesverdes,ZeldaDungeon,0
LunaEclypse,Zeldathons,0
myrandobrando,Zeldathons,0
DANZAMPY,AuroraBlogspot,0
DANZAMPY,OndaCivica_EU,0
DANZAMPY,AntonioSassone7,0
DANZAMPY,Fata_Turch,0
DANZAMPY,stefano_b_l,0
DANZAMPY,CristianCar79,0
DANZAMPY,robe_marc,0
DANZAMPY,salfasanop,0
DANZAMPY,salcinz,0
DANZAMPY,Agricolturabio1,0
DANZAMPY,AnnaRagosta,0
DANZAMPY,Zelda_51,0
DANZAMPY,Ad2015Pasquino,0
DANZAMPY,bb91687509,0
DANZAMPY,roberto2_lamela,0
DANZAMPY,webargentarius,0
cellophanezebra,Zeldathons,0
NamensIos,Zelda_king13,0
Wulfex,nerdist,0
JustHere4Coffe_,ChaiKovsky,0
JustHere4Coffe_,rbudd913,0
JustHere4Coffe_,AlasdairForbes1,0
JustHere4Coffe_,Gemin1Lightning,0
JustHere4Coffe_,PowerPlayRPG,0
JustHere4Coffe_,OmarNajam,0
JustHere4Coffe_,Bee_Zelda,0
JustHere4Coffe_,kkamabr,0
JustHere4Coffe_,_Queuetimes,0
rbudd913,AlasdairForbes1,0
rbudd913,Gemin1Lightning,0
rbudd913,PowerPlayRPG,0
rbudd913,OmarNajam,0
rbudd913,Bee_Zelda,0
rbudd913,kkamabr,0
rbudd913,ChaiKovsky,0
rbudd913,_Queuetimes,0
rbudd913,ChaiKovsky,0
rbudd913,AlasdairForbes1,0
rbudd913,Gemin1Lightning,0
rbudd913,PowerPlayRPG,0
rbudd913,OmarNajam,0
rbudd913,Bee_Zelda,0
rbudd913,kkamabr,0
rbudd913,_Queuetimes,0
OEdswald,Zeldathons,0
AlasdairForbes1,rbudd913,0
AlasdairForbes1,Gemin1Lightning,0
AlasdairForbes1,PowerPlayRPG,0
AlasdairForbes1,OmarNajam,0
AlasdairForbes1,Bee_Zelda,0
AlasdairForbes1,kkamabr,0
AlasdairForbes1,ChaiKovsky,0
AlasdairForbes1,_Queuetimes,0
ChaiKovsky,rbudd913,0
ChaiKovsky,AlasdairForbes1,0
ChaiKovsky,Gemin1Lightning,0
ChaiKovsky,PowerPlayRPG,0
ChaiKovsky,OmarNajam,0
ChaiKovsky,Bee_Zelda,0
ChaiKovsky,kkamabr,0
ChaiKovsky,_Queuetimes,0
rbudd913,AlasdairForbes1,0
rbudd913,Gemin1Lightning,0
rbudd913,PowerPlayRPG,0
rbudd913,OmarNajam,0
rbudd913,Bee_Zelda,0
rbudd913,kkamabr,0
rbudd913,ChaiKovsky,0
rbudd913,_Queuetimes,0
AlasdairForbes1,Gemin1Lightning,0
AlasdairForbes1,PowerPlayRPG,0
AlasdairForbes1,OmarNajam,0
AlasdairForbes1,Bee_Zelda,0
AlasdairForbes1,kkamabr,0
AlasdairForbes1,ChaiKovsky,0
AlasdairForbes1,rbudd913,0
AlasdairForbes1,_Queuetimes,0
YakisonIokoshi,NintendoAmerica,0
Cotton_Caandy_,Zeldathons,0
sevverren,Ganondoodles,0
LoserMLW,MimiMerlot,0
LoserMLW,Bee_Zelda,0
nintendolife,nintendolife,1
kuja488,Zeldathons,0
MimiMerlot,Bee_Zelda,0
StaubMicah,Zeldathons,0
LoserMLW,MimiMerlot,0
LoserMLW,Bee_Zelda,0
GumDumbLollypop,Ganondoodles,0
subspace64,Zeldathons,0
MimiMerlot,Bee_Zelda,0
akirakurisu,Zeldathons,0
akirakurisu,ZeldaDungeon,0
405beergeek,Zeldathons,0
Jonathan2285,Zeldathons,0
GANDOULFw,Zeldathons,0
SilverSnackan,Zeldathons,0
SmifficTV,WizzardOfTime,0
Parche12,Ylaylee,0
harkohl0,Zeldathons,0
TMK_Twitch,WizzardOfTime,0
OndaCivica_EU,AuroraBlogspot,0
OndaCivica_EU,AntonioSassone7,0
OndaCivica_EU,Fata_Turch,0
OndaCivica_EU,stefano_b_l,0
OndaCivica_EU,CristianCar79,0
OndaCivica_EU,robe_marc,0
OndaCivica_EU,DANZAMPY,0
OndaCivica_EU,salfasanop,0
OndaCivica_EU,salcinz,0
OndaCivica_EU,Agricolturabio1,0
OndaCivica_EU,AnnaRagosta,0
OndaCivica_EU,Zelda_51,0
OndaCivica_EU,Ad2015Pasquino,0
OndaCivica_EU,bb91687509,0
OndaCivica_EU,roberto2_lamela,0
OndaCivica_EU,webargentarius,0
Pl4gu3B01,Nintendeal,0
RainRioken,Zeldathons,0
OndaCivica_EU,AuroraBlogspot,0
OndaCivica_EU,AntonioSassone7,0
OndaCivica_EU,Fata_Turch,0
OndaCivica_EU,stefano_b_l,0
OndaCivica_EU,CristianCar79,0
OndaCivica_EU,robe_marc,0
OndaCivica_EU,DANZAMPY,0
OndaCivica_EU,salfasanop,0
OndaCivica_EU,salcinz,0
OndaCivica_EU,Agricolturabio1,0
OndaCivica_EU,AnnaRagosta,0
OndaCivica_EU,Zelda_51,0
OndaCivica_EU,Ad2015Pasquino,0
OndaCivica_EU,bb91687509,0
OndaCivica_EU,roberto2_lamela,0
OndaCivica_EU,webargentarius,0
JoshProwl,WizzardOfTime,0
stefano_b_l,OndaCivica_EU,0
stefano_b_l,AuroraBlogspot,0
stefano_b_l,AntonioSassone7,0
stefano_b_l,Fata_Turch,0
stefano_b_l,CristianCar79,0
stefano_b_l,robe_marc,0
stefano_b_l,DANZAMPY,0
stefano_b_l,salfasanop,0
stefano_b_l,salcinz,0
stefano_b_l,Agricolturabio1,0
stefano_b_l,AnnaRagosta,0
stefano_b_l,Zelda_51,0
stefano_b_l,Ad2015Pasquino,0
stefano_b_l,bb91687509,0
stefano_b_l,roberto2_lamela,0
stefano_b_l,webargentarius,0
OndaCivica_EU,AuroraBlogspot,0
OndaCivica_EU,AntonioSassone7,0
OndaCivica_EU,Fata_Turch,0
OndaCivica_EU,stefano_b_l,0
OndaCivica_EU,CristianCar79,0
OndaCivica_EU,robe_marc,0
OndaCivica_EU,DANZAMPY,0
OndaCivica_EU,salfasanop,0
OndaCivica_EU,salcinz,0
OndaCivica_EU,Agricolturabio1,0
OndaCivica_EU,AnnaRagosta,0
OndaCivica_EU,Zelda_51,0
OndaCivica_EU,Ad2015Pasquino,0
OndaCivica_EU,bb91687509,0
OndaCivica_EU,roberto2_lamela,0
OndaCivica_EU,webargentarius,0
WizzardOfTime,WizzardOfTime,1
JorgePS007,HMKilla,0
Kawaiidragon5,nerdist,0
Spamus100,ThiccerWaifus,0
PiStol_PeTe1002,IGN,0
PiStol_PeTe1002,PlayStation,0
OndaCivica_EU,AuroraBlogspot,0
OndaCivica_EU,AntonioSassone7,0
OndaCivica_EU,Fata_Turch,0
OndaCivica_EU,stefano_b_l,0
OndaCivica_EU,CristianCar79,0
OndaCivica_EU,robe_marc,0
OndaCivica_EU,DANZAMPY,0
OndaCivica_EU,salfasanop,0
OndaCivica_EU,salcinz,0
OndaCivica_EU,Agricolturabio1,0
OndaCivica_EU,AnnaRagosta,0
OndaCivica_EU,Zelda_51,0
OndaCivica_EU,Ad2015Pasquino,0
OndaCivica_EU,bb91687509,0
OndaCivica_EU,roberto2_lamela,0
OndaCivica_EU,webargentarius,0
klimov_author,Zeldathons,0
klimov_author,ZeldaDungeon,0
ZyroMane,Zeldathons,0
OndaCivica_EU,AuroraBlogspot,0
OndaCivica_EU,AntonioSassone7,0
OndaCivica_EU,Fata_Turch,0
OndaCivica_EU,stefano_b_l,0
OndaCivica_EU,CristianCar79,0
OndaCivica_EU,robe_marc,0
OndaCivica_EU,DANZAMPY,0
OndaCivica_EU,salfasanop,0
OndaCivica_EU,salcinz,0
OndaCivica_EU,Agricolturabio1,0
OndaCivica_EU,AnnaRagosta,0
OndaCivica_EU,Zelda_51,0
OndaCivica_EU,Ad2015Pasquino,0
OndaCivica_EU,bb91687509,0
OndaCivica_EU,roberto2_lamela,0
OndaCivica_EU,webargentarius,0
ShunTheWaker,Zeldathons,0
Ghost_Razgriz06,Ylaylee,0
SArchaven,Zeldathons,0
BlackClover95,ThiccerWaifus,0
mactheminion,Zeldathons,0
mjangelvortex,Zeldathons,0
TheRedLink2,Zeldathons,0
beldingm,Zeldathons,0
beldingm,ZeldaDungeon,0
AlasdairForbes1,ChaiKovsky,0
AlasdairForbes1,PowerPlayRPG,0
AlasdairForbes1,OmarNajam,0
AlasdairForbes1,Bee_Zelda,0
AlasdairForbes1,kkamabr,0
AlasdairForbes1,rbudd913,0
AlasdairForbes1,_Queuetimes,0
Brycemac2002,HitCockBottom,0
superballk,ThiccerWaifus,0
petroweaver,Zeldathons,0
BacklogBrood,Zeldathons,0
Lexingtonbanner,ThiccerWaifus,0
Centroid_41,Zeldathons,0
Centroid_41,ZeldaDungeon,0
seane0033,nerdist,0
LioOneMorePixel,Zeldathons,0
HumanHangnail,ThiccerWaifus,0
DukeBoi_,zelda_knuckles,0
Pro_Superhero,zelda_knuckles,0
OpJester,Zeldathons,0
PamRodriguezHdz,Zeldathons,0
Zaellia_,Zeldathons,0
Musetrigger,ThiccerWaifus,0
HamanKarnVEVO,ThiccerWaifus,0
ConterezKyamo,Zeldathons,0
AgentPrimeX1,ThiccerWaifus,0
zoe_LCP,Zeldathons,0
cassiehalladay,Zeldathons,0
lovely_vah,zelda_knuckles,0
krrisin,Zeldathons,0
Blepeded,Zeldathons,0
hylia_force,Zeldathons,0
hylia_force,ZeldaDungeon,0
njcoffeejunkie,Zeldathons,0
mrbmx22,NintendoAmerica,0
Light23K,nintendolife,0
MasterIckolas,Zeldathons,0
llagerlof,Zeldathons,0
masteroftime17,NintendoAmerica,0
stewada,YouTube,0
okwxAdam,Zeldathons,0
Kairamek,Zeldathons,0
Xpyder_,Zeldathons,0
Fresh64_,Zeldathons,0
Fresh64_,ZeldaDungeon,0
brokendollmaker,Zeldathons,0
notsogamer91,zelda_knuckles,0
HatakeEv,nerdist,0
ItsCsteph,Zeldathons,0
TCgamerboy2002,Zeldathons,0
gamingoniun,Zeldathons,0
Ferchou_27,Zeldathons,0
TMNTNerds,Zeldathons,0
TMNTNerds,ZeldaDungeon,0
farhan_games,HMKilla,0
DustyxBlade,nerdist,0
CorvusIX,HMKilla,0
YannDC39,JVCom,0
ItsaMeCannoli,Zeldathons,0
Quelquu17613535,JVCom,0
HMKilla,HMKilla,1
Geminiman555,Zeldathons,0
Cloudyjo7,Zeldathons,0
Longplay_Games,Zeldathons,0
kamartenn,Zeldathons,0
SkeletonGummies,Zeldathons,0
EnricosUt,Zeldathons,0
Fenix_glacialis,Ganondoodles,0
PainfulSpine,nerdist,0
Retro__Vampire,Zeldathons,0
UggMcMuffin,nerdist,0
just_vibesjeh,joy_zelda,0
CClutch64,xFatalHeartz,0
BabblingBranch,nerdist,0
PAESAR40,Zelda_king13,0
FNluminati,Ylaylee,0
HMKilla,HMKilla,1
ABearThatCares,Zeldathons,0
AlexGerber6,Zeldathons,0
AxelCattano,NintendoAmerica,0
KingQuinlan,nerdist,0
HMKilla,HMKilla,1
Inglebard4,Zeldathons,0
achitchen,Ylaylee,0
Hero_of_Legend1,Zeldathons,0
Hero_of_Legend1,ZeldaDungeon,0
BBayn3,nintendolife,0
WarrenValion,nerdist,0
Alejand99494761,RanguGamer,0
JackenHgrr,nerdist,0
PAESAR40,Zelda_king13,0
Nadeenasnake,Skeezard,0
WerewolfFeels,MimiMerlot,0
WerewolfFeels,Bee_Zelda,0
ChrisKatsurada,RanguGamer,0
EricRod_LYV,RanguGamer,0
bcz24,Zeldathons,0
IcyBando,Zeldathons,0
IcyBando,ZeldaDungeon,0
ChorusSarcastic,nerdist,0
KrazyLegz76,Zeldathons,0
KrazyLegz76,ZeldaDungeon,0
JoeCool314,Zeldathons,0
MimiMerlot,Bee_Zelda,0
2_simone_2,Zeldathons,0
2_simone_2,ZeldaDungeon,0
Tom__Moose,Zeldathons,0
Tom__Moose,ZeldaDungeon,0
DragonNexus,nintendolife,0
Yumi2082,Zeldathons,0
Yumi2082,ZeldaDungeon,0
mk_randolph,Zeldathons,0
JockNut,nerdist,0
salcinz,AuroraBlogspot,0
salcinz,OndaCivica_EU,0
salcinz,AntonioSassone7,0
salcinz,Fata_Turch,0
salcinz,stefano_b_l,0
salcinz,CristianCar79,0
salcinz,robe_marc,0
salcinz,DANZAMPY,0
salcinz,salfasanop,0
salcinz,Agricolturabio1,0
salcinz,AnnaRagosta,0
salcinz,Zelda_51,0
salcinz,Ad2015Pasquino,0
salcinz,bb91687509,0
salcinz,roberto2_lamela,0
salcinz,webargentarius,0
WallE132,MimiMerlot,0
WallE132,Bee_Zelda,0
Technickle_,Zeldathons,0
Technickle_,ZeldaDungeon,0
Dogitheunstop,nerdist,0
alanbolt,roberto2_lamela,0
alanbolt,stefano_b_l,0
alanbolt,AuroraBlogspot,0
alanbolt,OndaCivica_EU,0
alanbolt,AntonioSassone7,0
alanbolt,Fata_Turch,0
alanbolt,CristianCar79,0
alanbolt,robe_marc,0
alanbolt,DANZAMPY,0
alanbolt,salfasanop,0
alanbolt,salcinz,0
alanbolt,Agricolturabio1,0
alanbolt,AnnaRagosta,0
alanbolt,Zelda_51,0
alanbolt,Ad2015Pasquino,0
alanbolt,bb91687509,0
alanbolt,webargentarius,0
AwayToHit,Zeldathons,0
youngdrome,Zeldathons,0
MimiMerlot,Bee_Zelda,0
roberto2_lamela,AuroraBlogspot,0
roberto2_lamela,OndaCivica_EU,0
roberto2_lamela,AntonioSassone7,0
roberto2_lamela,Fata_Turch,0
roberto2_lamela,stefano_b_l,0
roberto2_lamela,CristianCar79,0
roberto2_lamela,robe_marc,0
roberto2_lamela,DANZAMPY,0
roberto2_lamela,salfasanop,0
roberto2_lamela,salcinz,0
roberto2_lamela,Agricolturabio1,0
roberto2_lamela,AnnaRagosta,0
roberto2_lamela,Zelda_51,0
roberto2_lamela,Ad2015Pasquino,0
roberto2_lamela,bb91687509,0
roberto2_lamela,webargentarius,0
DunahughThomas,Zeldathons,0
DunahughThomas,ZeldaDungeon,0
stefano_b_l,AuroraBlogspot,0
stefano_b_l,OndaCivica_EU,0
stefano_b_l,AntonioSassone7,0
stefano_b_l,Fata_Turch,0
stefano_b_l,CristianCar79,0
stefano_b_l,robe_marc,0
stefano_b_l,DANZAMPY,0
stefano_b_l,salfasanop,0
stefano_b_l,salcinz,0
stefano_b_l,Agricolturabio1,0
stefano_b_l,AnnaRagosta,0
stefano_b_l,Zelda_51,0
stefano_b_l,Ad2015Pasquino,0
stefano_b_l,bb91687509,0
stefano_b_l,roberto2_lamela,0
stefano_b_l,webargentarius,0
Rocky2815golden,Zeldathons,0
Rocky2815golden,ZeldaDungeon,0
AyalaNick,Zeldathons,0
AyalaNick,ZeldaDungeon,0
__meh_hem__,Nibellion,0
AndrewDoingArt,Zeldathons,0
AndrewDoingArt,ZeldaDungeon,0
ErickPaluan,Zeldathons,0
ErickPaluan,ZeldaDungeon,0
Spartanforlife,nerdist,0
jink999,YouTube,0
thelordofdarkn3,Zeldathons,0
nintendolife,nintendolife,1
OmegaX5000,Zeldathons,0
OmegaX5000,ZeldaDungeon,0
YvoDreamcatcher,NiaNiam2,0
YvoDreamcatcher,cat_magic3,0
YvoDreamcatcher,A_Darya79,0
YvoDreamcatcher,UKLCH,0
YvoDreamcatcher,NGDAverk,0
YvoDreamcatcher,Bonu19RC,0
YvoDreamcatcher,KingCarlyle_,0
YvoDreamcatcher,Paula_McCarlyle,0
YvoDreamcatcher,NadinFrog,0
YvoDreamcatcher,MommaTwexy,0
YvoDreamcatcher,DonnaVita4,0
YvoDreamcatcher,sithlord_zelda,0
YvoDreamcatcher,bonnietylerfan5,0
YvoDreamcatcher,Oh_Marie1,0
YvoDreamcatcher,tweetNorvena,0
YvoDreamcatcher,Anna55714043,0
PhoenixFreebird,nerdist,0
datoad82,Zeldathons,0
datoad82,ZeldaDungeon,0
pigjedi,Zeldathons,0
pigjedi,ZeldaDungeon,0
DigiDestined13,Zeldathons,0
DigiDestined13,ZeldaDungeon,0
the_schwoopa,HitCockBottom,0
DigiDestined13,Zeldathons,0
DigiDestined13,ZeldaDungeon,0
_KoriMizu,Zeldathons,0
samieweiss,Zeldathons,0
samieweiss,ZeldaDungeon,0
Ben_Denverstone,Zeldathons,0
floootiful,Zeldathons,0
element_61,Zeldathons,0
element_61,ZeldaDungeon,0
SlackAttaq,Zeldathons,0
SlackAttaq,ZeldaDungeon,0
HMKilla,HMKilla,1
tiagoroseta,Zeldathons,0
tiagoroseta,ZeldaDungeon,0
JustConix,Zeldathons,0
sonymicronin,Nibellion,0
FolkPotato,nerdist,0
itsJoshualive,Ganondoodles,0
Supergear33,Nintendeal,0
DaisyMolatlhegi,joy_zelda,0
MultiSketches,Zeldathons,0
NavarNeron,Zeldathons,0
TimersTime,spiegelbro,0
TimersTime,Mupf05YT,0
TimersTime,Zelda_king13,0
IssacAFlores,nerdist,0
NiaNiam2,cat_magic3,0
NiaNiam2,A_Darya79,0
NiaNiam2,UKLCH,0
NiaNiam2,NGDAverk,0
NiaNiam2,Bonu19RC,0
NiaNiam2,KingCarlyle_,0
NiaNiam2,Paula_McCarlyle,0
NiaNiam2,NadinFrog,0
NiaNiam2,MommaTwexy,0
NiaNiam2,DonnaVita4,0
NiaNiam2,sithlord_zelda,0
NiaNiam2,bonnietylerfan5,0
NiaNiam2,Oh_Marie1,0
NiaNiam2,tweetNorvena,0
NiaNiam2,Anna55714043,0
DeafGhostbuster,Zeldathons,0
BearlyJerry,Zeldathons,0
Lockebln2,Zelda_king13,0
CosmicMonster0,Ganondoodles,0
galenploze,nerdist,0
Brenden060,NintendoAmerica,0
Brenden060,USJ_Official,0
Lamshen2,joy_zelda,0
WickDayMed,Zelda_king13,0
Gemin1Lightning,PowerPlayRPG,0
Gemin1Lightning,OmarNajam,0
Gemin1Lightning,Bee_Zelda,0
Gemin1Lightning,kkamabr,0
Gemin1Lightning,ChaiKovsky,0
Gemin1Lightning,rbudd913,0
Gemin1Lightning,_Queuetimes,0
nate_the_sneak,HitCockBottom,0
Nick_Henry95,nerdist,0
Its_Jyggy,Zeldathons,0
LlandyLuv,zelda_knuckles,0
AcademicFoxhole,PenOfSmiting,0
AcademicFoxhole,little_red_dot,0
AcademicFoxhole,Bee_Zelda,0
YvoDreamcatcher,NiaNiam2,0
YvoDreamcatcher,cat_magic3,0
YvoDreamcatcher,A_Darya79,0
YvoDreamcatcher,UKLCH,0
YvoDreamcatcher,NGDAverk,0
YvoDreamcatcher,Bonu19RC,0
YvoDreamcatcher,KingCarlyle_,0
YvoDreamcatcher,Paula_McCarlyle,0
YvoDreamcatcher,NadinFrog,0
YvoDreamcatcher,MommaTwexy,0
YvoDreamcatcher,DonnaVita4,0
YvoDreamcatcher,sithlord_zelda,0
YvoDreamcatcher,bonnietylerfan5,0
YvoDreamcatcher,Oh_Marie1,0
YvoDreamcatcher,tweetNorvena,0
YvoDreamcatcher,Anna55714043,0
BekithembaZ,joy_zelda,0
wibey999,Mupf05YT,0
wibey999,Zelda_king13,0
realasslex,nerdist,0
Shaxreym,spiegelbro,0
Shaxreym,Mupf05YT,0
Shaxreym,Zelda_king13,0
TinderEmber,nerdist,0
OtraVez1967,cat_magic3,0
OtraVez1967,NGDAverk,0
OtraVez1967,A_Darya79,0
OtraVez1967,UKLCH,0
OtraVez1967,NiaNiam2,0
OtraVez1967,Bonu19RC,0
OtraVez1967,KingCarlyle_,0
OtraVez1967,Paula_McCarlyle,0
OtraVez1967,NadinFrog,0
OtraVez1967,MommaTwexy,0
OtraVez1967,DonnaVita4,0
OtraVez1967,sithlord_zelda,0
OtraVez1967,bonnietylerfan5,0
OtraVez1967,Oh_Marie1,0
OtraVez1967,tweetNorvena,0
OtraVez1967,Anna55714043,0
hey_croissant,nerdist,0
PenOfSmiting,AcademicFoxhole,0
PenOfSmiting,little_red_dot,0
PenOfSmiting,Bee_Zelda,0
NGDAverk,cat_magic3,0
NGDAverk,A_Darya79,0
NGDAverk,UKLCH,0
NGDAverk,NiaNiam2,0
NGDAverk,Bonu19RC,0
NGDAverk,KingCarlyle_,0
NGDAverk,Paula_McCarlyle,0
NGDAverk,NadinFrog,0
NGDAverk,MommaTwexy,0
NGDAverk,DonnaVita4,0
NGDAverk,sithlord_zelda,0
NGDAverk,bonnietylerfan5,0
NGDAverk,Oh_Marie1,0
NGDAverk,tweetNorvena,0
NGDAverk,Anna55714043,0
OtraVez1967,cat_magic3,0
OtraVez1967,NGDAverk,0
OtraVez1967,A_Darya79,0
OtraVez1967,UKLCH,0
OtraVez1967,NiaNiam2,0
OtraVez1967,Bonu19RC,0
OtraVez1967,KingCarlyle_,0
OtraVez1967,Paula_McCarlyle,0
OtraVez1967,NadinFrog,0
OtraVez1967,MommaTwexy,0
OtraVez1967,DonnaVita4,0
OtraVez1967,sithlord_zelda,0
OtraVez1967,bonnietylerfan5,0
OtraVez1967,Oh_Marie1,0
OtraVez1967,tweetNorvena,0
OtraVez1967,Anna55714043,0
AcademicFoxhole,PenOfSmiting,0
AcademicFoxhole,little_red_dot,0
AcademicFoxhole,Bee_Zelda,0
salfasanop,AuroraBlogspot,0
salfasanop,OndaCivica_EU,0
salfasanop,AntonioSassone7,0
salfasanop,Fata_Turch,0
salfasanop,stefano_b_l,0
salfasanop,CristianCar79,0
salfasanop,robe_marc,0
salfasanop,DANZAMPY,0
salfasanop,salcinz,0
salfasanop,Agricolturabio1,0
salfasanop,AnnaRagosta,0
salfasanop,Zelda_51,0
salfasanop,Ad2015Pasquino,0
salfasanop,bb91687509,0
salfasanop,roberto2_lamela,0
salfasanop,webargentarius,0
PenOfSmiting,AcademicFoxhole,0
PenOfSmiting,little_red_dot,0
PenOfSmiting,Bee_Zelda,0
cat_magic3,NGDAverk,0
cat_magic3,A_Darya79,0
cat_magic3,UKLCH,0
cat_magic3,NiaNiam2,0
cat_magic3,Bonu19RC,0
cat_magic3,KingCarlyle_,0
cat_magic3,Paula_McCarlyle,0
cat_magic3,NadinFrog,0
cat_magic3,MommaTwexy,0
cat_magic3,DonnaVita4,0
cat_magic3,sithlord_zelda,0
cat_magic3,bonnietylerfan5,0
cat_magic3,Oh_Marie1,0
cat_magic3,tweetNorvena,0
cat_magic3,Anna55714043,0
W9steve,rbudd913,0
W9steve,ChaiKovsky,0
W9steve,PowerPlayRPG,0
W9steve,OmarNajam,0
W9steve,Bee_Zelda,0
W9steve,kkamabr,0
W9steve,_Queuetimes,0
AcademicFoxhole,PenOfSmiting,0
AcademicFoxhole,little_red_dot,0
AcademicFoxhole,Bee_Zelda,0
LlandyLuv,zelda_knuckles,0
YvoDreamcatcher,cat_magic3,0
YvoDreamcatcher,NGDAverk,0
YvoDreamcatcher,A_Darya79,0
YvoDreamcatcher,UKLCH,0
YvoDreamcatcher,NiaNiam2,0
YvoDreamcatcher,Bonu19RC,0
YvoDreamcatcher,KingCarlyle_,0
YvoDreamcatcher,Paula_McCarlyle,0
YvoDreamcatcher,NadinFrog,0
YvoDreamcatcher,MommaTwexy,0
YvoDreamcatcher,DonnaVita4,0
YvoDreamcatcher,sithlord_zelda,0
YvoDreamcatcher,bonnietylerfan5,0
YvoDreamcatcher,Oh_Marie1,0
YvoDreamcatcher,tweetNorvena,0
YvoDreamcatcher,Anna55714043,0
spiegelbro,Mupf05YT,0
spiegelbro,Zelda_king13,0
IamEpileptic,nerdist,0
unepastequeguig,JVCom,0
YvoDreamcatcher,cat_magic3,0
YvoDreamcatcher,NGDAverk,0
YvoDreamcatcher,A_Darya79,0
YvoDreamcatcher,UKLCH,0
YvoDreamcatcher,NiaNiam2,0
YvoDreamcatcher,Bonu19RC,0
YvoDreamcatcher,KingCarlyle_,0
YvoDreamcatcher,Paula_McCarlyle,0
YvoDreamcatcher,NadinFrog,0
YvoDreamcatcher,MommaTwexy,0
YvoDreamcatcher,DonnaVita4,0
YvoDreamcatcher,sithlord_zelda,0
YvoDreamcatcher,bonnietylerfan5,0
YvoDreamcatcher,Oh_Marie1,0
YvoDreamcatcher,tweetNorvena,0
YvoDreamcatcher,Anna55714043,0
ZeldaUniverse,ZeldaUniverse,1
YOLLAMguni,joy_zelda,0
cat_magic3,NGDAverk,0
cat_magic3,A_Darya79,0
cat_magic3,UKLCH,0
cat_magic3,NiaNiam2,0
cat_magic3,Bonu19RC,0
cat_magic3,KingCarlyle_,0
cat_magic3,Paula_McCarlyle,0
cat_magic3,NadinFrog,0
cat_magic3,MommaTwexy,0
cat_magic3,DonnaVita4,0
cat_magic3,sithlord_zelda,0
cat_magic3,bonnietylerfan5,0
cat_magic3,Oh_Marie1,0
cat_magic3,tweetNorvena,0
cat_magic3,Anna55714043,0
MotheoLebelo,joy_zelda,0
OtraVez1967,cat_magic3,0
OtraVez1967,NGDAverk,0
OtraVez1967,A_Darya79,0
OtraVez1967,UKLCH,0
OtraVez1967,NiaNiam2,0
OtraVez1967,Bonu19RC,0
OtraVez1967,KingCarlyle_,0
OtraVez1967,Paula_McCarlyle,0
OtraVez1967,NadinFrog,0
OtraVez1967,MommaTwexy,0
OtraVez1967,DonnaVita4,0
OtraVez1967,sithlord_zelda,0
OtraVez1967,bonnietylerfan5,0
OtraVez1967,Oh_Marie1,0
OtraVez1967,tweetNorvena,0
OtraVez1967,Anna55714043,0
Linkish_WOFT,Zeldathons,0
cat_magic3,NGDAverk,0
cat_magic3,A_Darya79,0
cat_magic3,UKLCH,0
cat_magic3,NiaNiam2,0
cat_magic3,Bonu19RC,0
cat_magic3,KingCarlyle_,0
cat_magic3,Paula_McCarlyle,0
cat_magic3,NadinFrog,0
cat_magic3,MommaTwexy,0
cat_magic3,DonnaVita4,0
cat_magic3,sithlord_zelda,0
cat_magic3,bonnietylerfan5,0
cat_magic3,Oh_Marie1,0
cat_magic3,tweetNorvena,0
cat_magic3,Anna55714043,0
ev664,Zeldathons,0
trunanny,zelda_knuckles,0
nah_dude51,HitCockBottom,0
theversions666,Zeldathons,0
YvoDreamcatcher,NGDAverk,0
YvoDreamcatcher,cat_magic3,0
YvoDreamcatcher,A_Darya79,0
YvoDreamcatcher,UKLCH,0
YvoDreamcatcher,NiaNiam2,0
YvoDreamcatcher,Bonu19RC,0
YvoDreamcatcher,KingCarlyle_,0
YvoDreamcatcher,Paula_McCarlyle,0
YvoDreamcatcher,NadinFrog,0
YvoDreamcatcher,MommaTwexy,0
YvoDreamcatcher,DonnaVita4,0
YvoDreamcatcher,sithlord_zelda,0
YvoDreamcatcher,bonnietylerfan5,0
YvoDreamcatcher,Oh_Marie1,0
YvoDreamcatcher,tweetNorvena,0
YvoDreamcatcher,Anna55714043,0
WAREAGLEGAMING,xFatalHeartz,0
Andil347,joy_zelda,0
Ryok1989,Zeldathons,0
mattvon24,nerdist,0
HitCockBottom,HitCockBottom,1
Pro_Superhero,zelda_knuckles,0
chibisennit,nerdist,0
rdurbin313,nerdist,0
Pro_Superhero,zelda_knuckles,0
Pro_Superhero,zelda_knuckles,0
bigbossonoco,Zeldathons,0
Espee0126,Zeldathons,0
maddmakksaf,xFatalHeartz,0
AuroraBlogspot,salfasanop,0
AuroraBlogspot,OndaCivica_EU,0
AuroraBlogspot,AntonioSassone7,0
AuroraBlogspot,Fata_Turch,0
AuroraBlogspot,stefano_b_l,0
AuroraBlogspot,CristianCar79,0
AuroraBlogspot,robe_marc,0
AuroraBlogspot,DANZAMPY,0
AuroraBlogspot,salcinz,0
AuroraBlogspot,Agricolturabio1,0
AuroraBlogspot,AnnaRagosta,0
AuroraBlogspot,Zelda_51,0
AuroraBlogspot,Ad2015Pasquino,0
AuroraBlogspot,bb91687509,0
AuroraBlogspot,roberto2_lamela,0
AuroraBlogspot,webargentarius,0
RCKmak,Zeldathons,0
NGDAverk,cat_magic3,0
NGDAverk,A_Darya79,0
NGDAverk,UKLCH,0
NGDAverk,NiaNiam2,0
NGDAverk,Bonu19RC,0
NGDAverk,KingCarlyle_,0
NGDAverk,Paula_McCarlyle,0
NGDAverk,NadinFrog,0
NGDAverk,MommaTwexy,0
NGDAverk,DonnaVita4,0
NGDAverk,sithlord_zelda,0
NGDAverk,bonnietylerfan5,0
NGDAverk,Oh_Marie1,0
NGDAverk,tweetNorvena,0
NGDAverk,Anna55714043,0
banacek,nerdist,0
GaToma6,RanguGamer,0
NGDAverk,cat_magic3,0
NGDAverk,A_Darya79,0
NGDAverk,UKLCH,0
NGDAverk,NiaNiam2,0
NGDAverk,Bonu19RC,0
NGDAverk,KingCarlyle_,0
NGDAverk,Paula_McCarlyle,0
NGDAverk,NadinFrog,0
NGDAverk,MommaTwexy,0
NGDAverk,DonnaVita4,0
NGDAverk,sithlord_zelda,0
NGDAverk,bonnietylerfan5,0
NGDAverk,Oh_Marie1,0
NGDAverk,tweetNorvena,0
NGDAverk,Anna55714043,0
Rosie_Knuckles,zelda_knuckles,0
salfasanop,AuroraBlogspot,0
salfasanop,OndaCivica_EU,0
salfasanop,AntonioSassone7,0
salfasanop,Fata_Turch,0
salfasanop,stefano_b_l,0
salfasanop,CristianCar79,0
salfasanop,robe_marc,0
salfasanop,DANZAMPY,0
salfasanop,salcinz,0
salfasanop,Agricolturabio1,0
salfasanop,AnnaRagosta,0
salfasanop,Zelda_51,0
salfasanop,Ad2015Pasquino,0
salfasanop,bb91687509,0
salfasanop,roberto2_lamela,0
salfasanop,webargentarius,0
OtraVez1967,NGDAverk,0
OtraVez1967,cat_magic3,0
OtraVez1967,A_Darya79,0
OtraVez1967,UKLCH,0
OtraVez1967,NiaNiam2,0
OtraVez1967,Bonu19RC,0
OtraVez1967,KingCarlyle_,0
OtraVez1967,Paula_McCarlyle,0
OtraVez1967,NadinFrog,0
OtraVez1967,MommaTwexy,0
OtraVez1967,DonnaVita4,0
OtraVez1967,sithlord_zelda,0
OtraVez1967,bonnietylerfan5,0
OtraVez1967,Oh_Marie1,0
OtraVez1967,tweetNorvena,0
OtraVez1967,Anna55714043,0
MerchantofDucks,Zeldathons,0
mojofibers,Zeldathons,0
rbudd913,ChaiKovsky,0
rbudd913,PowerPlayRPG,0
rbudd913,OmarNajam,0
rbudd913,Bee_Zelda,0
rbudd913,kkamabr,0
rbudd913,_Queuetimes,0
cat_magic3,NGDAverk,0
cat_magic3,A_Darya79,0
cat_magic3,UKLCH,0
cat_magic3,NiaNiam2,0
cat_magic3,Bonu19RC,0
cat_magic3,KingCarlyle_,0
cat_magic3,Paula_McCarlyle,0
cat_magic3,NadinFrog,0
cat_magic3,MommaTwexy,0
cat_magic3,DonnaVita4,0
cat_magic3,sithlord_zelda,0
cat_magic3,bonnietylerfan5,0
cat_magic3,Oh_Marie1,0
cat_magic3,tweetNorvena,0
cat_magic3,Anna55714043,0
Tiii_Kayy,Zelda_king13,0
W9steve,rbudd913,0
W9steve,ChaiKovsky,0
W9steve,PowerPlayRPG,0
W9steve,OmarNajam,0
W9steve,Bee_Zelda,0
W9steve,kkamabr,0
W9steve,_Queuetimes,0
W9steve,ChaiKovsky,0
W9steve,PowerPlayRPG,0
W9steve,OmarNajam,0
W9steve,Bee_Zelda,0
W9steve,kkamabr,0
W9steve,rbudd913,0
W9steve,_Queuetimes,0
NGDAverk,cat_magic3,0
NGDAverk,A_Darya79,0
NGDAverk,UKLCH,0
NGDAverk,NiaNiam2,0
NGDAverk,Bonu19RC,0
NGDAverk,KingCarlyle_,0
NGDAverk,Paula_McCarlyle,0
NGDAverk,NadinFrog,0
NGDAverk,MommaTwexy,0
NGDAverk,DonnaVita4,0
NGDAverk,sithlord_zelda,0
NGDAverk,bonnietylerfan5,0
NGDAverk,Oh_Marie1,0
NGDAverk,tweetNorvena,0
NGDAverk,Anna55714043,0
MSico,Zeldathons,0
joao_pipi,Zeldathons,0
Babytappy,Zeldathons,0
tharpy,nerdist,0
cat_magic3,UKLCH,0
cat_magic3,NGDAverk,0
cat_magic3,A_Darya79,0
cat_magic3,NiaNiam2,0
cat_magic3,Bonu19RC,0
cat_magic3,KingCarlyle_,0
cat_magic3,Paula_McCarlyle,0
cat_magic3,NadinFrog,0
cat_magic3,MommaTwexy,0
cat_magic3,DonnaVita4,0
cat_magic3,sithlord_zelda,0
cat_magic3,bonnietylerfan5,0
cat_magic3,Oh_Marie1,0
cat_magic3,tweetNorvena,0
cat_magic3,Anna55714043,0
rbudd913,ChaiKovsky,0
rbudd913,PowerPlayRPG,0
rbudd913,OmarNajam,0
rbudd913,Bee_Zelda,0
rbudd913,kkamabr,0
rbudd913,_Queuetimes,0
NGDAverk,UKLCH,0
NGDAverk,cat_magic3,0
NGDAverk,A_Darya79,0
NGDAverk,NiaNiam2,0
NGDAverk,Bonu19RC,0
NGDAverk,KingCarlyle_,0
NGDAverk,Paula_McCarlyle,0
NGDAverk,NadinFrog,0
NGDAverk,MommaTwexy,0
NGDAverk,DonnaVita4,0
NGDAverk,sithlord_zelda,0
NGDAverk,bonnietylerfan5,0
NGDAverk,Oh_Marie1,0
NGDAverk,tweetNorvena,0
NGDAverk,Anna55714043,0
UKLCH,cat_magic3,0
UKLCH,NGDAverk,0
UKLCH,A_Darya79,0
UKLCH,NiaNiam2,0
UKLCH,Bonu19RC,0
UKLCH,KingCarlyle_,0
UKLCH,Paula_McCarlyle,0
UKLCH,NadinFrog,0
UKLCH,MommaTwexy,0
UKLCH,DonnaVita4,0
UKLCH,sithlord_zelda,0
UKLCH,bonnietylerfan5,0
UKLCH,Oh_Marie1,0
UKLCH,tweetNorvena,0
UKLCH,Anna55714043,0
lilfoot06,Mupf05YT,0
lilfoot06,Zelda_king13,0
spiegelbro,Mupf05YT,0
spiegelbro,Zelda_king13,0
Mupf05YT,spiegelbro,0
Mupf05YT,Zelda_king13,0
cat_magic3,UKLCH,0
cat_magic3,NGDAverk,0
cat_magic3,A_Darya79,0
cat_magic3,NiaNiam2,0
cat_magic3,Bonu19RC,0
cat_magic3,KingCarlyle_,0
cat_magic3,Paula_McCarlyle,0
cat_magic3,NadinFrog,0
cat_magic3,MommaTwexy,0
cat_magic3,DonnaVita4,0
cat_magic3,sithlord_zelda,0
cat_magic3,bonnietylerfan5,0
cat_magic3,Oh_Marie1,0
cat_magic3,tweetNorvena,0
cat_magic3,Anna55714043,0
spiegelbro,Mupf05YT,0
spiegelbro,Zelda_king13,0
UKLCH,NGDAverk,0
UKLCH,cat_magic3,0
UKLCH,A_Darya79,0
UKLCH,NiaNiam2,0
UKLCH,Bonu19RC,0
UKLCH,KingCarlyle_,0
UKLCH,Paula_McCarlyle,0
UKLCH,NadinFrog,0
UKLCH,MommaTwexy,0
UKLCH,DonnaVita4,0
UKLCH,sithlord_zelda,0
UKLCH,bonnietylerfan5,0
UKLCH,Oh_Marie1,0
UKLCH,tweetNorvena,0
UKLCH,Anna55714043,0
justin02350,Nibellion,0
ChaiKovsky,PowerPlayRPG,0
ChaiKovsky,OmarNajam,0
ChaiKovsky,Bee_Zelda,0
ChaiKovsky,kkamabr,0
ChaiKovsky,rbudd913,0
ChaiKovsky,_Queuetimes,0
cat_magic3,UKLCH,0
cat_magic3,NGDAverk,0
cat_magic3,A_Darya79,0
cat_magic3,NiaNiam2,0
cat_magic3,Bonu19RC,0
cat_magic3,KingCarlyle_,0
cat_magic3,Paula_McCarlyle,0
cat_magic3,NadinFrog,0
cat_magic3,MommaTwexy,0
cat_magic3,DonnaVita4,0
cat_magic3,sithlord_zelda,0
cat_magic3,bonnietylerfan5,0
cat_magic3,Oh_Marie1,0
cat_magic3,tweetNorvena,0
cat_magic3,Anna55714043,0
NGDAverk,UKLCH,0
NGDAverk,cat_magic3,0
NGDAverk,A_Darya79,0
NGDAverk,NiaNiam2,0
NGDAverk,Bonu19RC,0
NGDAverk,KingCarlyle_,0
NGDAverk,Paula_McCarlyle,0
NGDAverk,NadinFrog,0
NGDAverk,MommaTwexy,0
NGDAverk,DonnaVita4,0
NGDAverk,sithlord_zelda,0
NGDAverk,bonnietylerfan5,0
NGDAverk,Oh_Marie1,0
NGDAverk,tweetNorvena,0
NGDAverk,Anna55714043,0
UKLCH,cat_magic3,0
UKLCH,NGDAverk,0
UKLCH,A_Darya79,0
UKLCH,NiaNiam2,0
UKLCH,Bonu19RC,0
UKLCH,KingCarlyle_,0
UKLCH,Paula_McCarlyle,0
UKLCH,NadinFrog,0
UKLCH,MommaTwexy,0
UKLCH,DonnaVita4,0
UKLCH,sithlord_zelda,0
UKLCH,bonnietylerfan5,0
UKLCH,Oh_Marie1,0
UKLCH,tweetNorvena,0
UKLCH,Anna55714043,0
cat_magic3,UKLCH,0
cat_magic3,NGDAverk,0
cat_magic3,A_Darya79,0
cat_magic3,NiaNiam2,0
cat_magic3,Bonu19RC,0
cat_magic3,KingCarlyle_,0
cat_magic3,Paula_McCarlyle,0
cat_magic3,NadinFrog,0
cat_magic3,MommaTwexy,0
cat_magic3,DonnaVita4,0
cat_magic3,sithlord_zelda,0
cat_magic3,bonnietylerfan5,0
cat_magic3,Oh_Marie1,0
cat_magic3,tweetNorvena,0
cat_magic3,Anna55714043,0
touriantourist,Zeldathons,0
ProZombieHunter,nerdist,0
AuroraBlogspot,AntonioSassone7,0
AuroraBlogspot,OndaCivica_EU,0
AuroraBlogspot,Fata_Turch,0
AuroraBlogspot,stefano_b_l,0
AuroraBlogspot,CristianCar79,0
AuroraBlogspot,robe_marc,0
AuroraBlogspot,DANZAMPY,0
AuroraBlogspot,salfasanop,0
AuroraBlogspot,salcinz,0
AuroraBlogspot,Agricolturabio1,0
AuroraBlogspot,AnnaRagosta,0
AuroraBlogspot,Zelda_51,0
AuroraBlogspot,Ad2015Pasquino,0
AuroraBlogspot,bb91687509,0
AuroraBlogspot,roberto2_lamela,0
AuroraBlogspot,webargentarius,0
cat_magic3,UKLCH,0
cat_magic3,NGDAverk,0
cat_magic3,A_Darya79,0
cat_magic3,NiaNiam2,0
cat_magic3,Bonu19RC,0
cat_magic3,KingCarlyle_,0
cat_magic3,Paula_McCarlyle,0
cat_magic3,NadinFrog,0
cat_magic3,MommaTwexy,0
cat_magic3,DonnaVita4,0
cat_magic3,sithlord_zelda,0
cat_magic3,bonnietylerfan5,0
cat_magic3,Oh_Marie1,0
cat_magic3,tweetNorvena,0
cat_magic3,Anna55714043,0
UKLCH,cat_magic3,0
UKLCH,NGDAverk,0
UKLCH,A_Darya79,0
UKLCH,NiaNiam2,0
UKLCH,Bonu19RC,0
UKLCH,KingCarlyle_,0
UKLCH,Paula_McCarlyle,0
UKLCH,NadinFrog,0
UKLCH,MommaTwexy,0
UKLCH,DonnaVita4,0
UKLCH,sithlord_zelda,0
UKLCH,bonnietylerfan5,0
UKLCH,Oh_Marie1,0
UKLCH,tweetNorvena,0
UKLCH,Anna55714043,0
UKLCH,cat_magic3,0
UKLCH,NGDAverk,0
UKLCH,A_Darya79,0
UKLCH,NiaNiam2,0
UKLCH,Bonu19RC,0
UKLCH,KingCarlyle_,0
UKLCH,Paula_McCarlyle,0
UKLCH,NadinFrog,0
UKLCH,MommaTwexy,0
UKLCH,DonnaVita4,0
UKLCH,sithlord_zelda,0
UKLCH,bonnietylerfan5,0
UKLCH,Oh_Marie1,0
UKLCH,tweetNorvena,0
UKLCH,Anna55714043,0
cat_magic3,UKLCH,0
cat_magic3,NGDAverk,0
cat_magic3,A_Darya79,0
cat_magic3,NiaNiam2,0
cat_magic3,Bonu19RC,0
cat_magic3,KingCarlyle_,0
cat_magic3,Paula_McCarlyle,0
cat_magic3,NadinFrog,0
cat_magic3,MommaTwexy,0
cat_magic3,DonnaVita4,0
cat_magic3,sithlord_zelda,0
cat_magic3,bonnietylerfan5,0
cat_magic3,Oh_Marie1,0
cat_magic3,tweetNorvena,0
cat_magic3,Anna55714043,0
UKLCH,cat_magic3,0
UKLCH,NGDAverk,0
UKLCH,A_Darya79,0
UKLCH,NiaNiam2,0
UKLCH,Bonu19RC,0
UKLCH,KingCarlyle_,0
UKLCH,Paula_McCarlyle,0
UKLCH,NadinFrog,0
UKLCH,MommaTwexy,0
UKLCH,DonnaVita4,0
UKLCH,sithlord_zelda,0
UKLCH,bonnietylerfan5,0
UKLCH,Oh_Marie1,0
UKLCH,tweetNorvena,0
UKLCH,Anna55714043,0
par1984,Zeldathons,0
PowerPlayRPG,OmarNajam,0
PowerPlayRPG,Bee_Zelda,0
PowerPlayRPG,kkamabr,0
PowerPlayRPG,ChaiKovsky,0
PowerPlayRPG,rbudd913,0
PowerPlayRPG,_Queuetimes,0
UKLCH,cat_magic3,0
UKLCH,NGDAverk,0
UKLCH,A_Darya79,0
UKLCH,NiaNiam2,0
UKLCH,Bonu19RC,0
UKLCH,KingCarlyle_,0
UKLCH,Paula_McCarlyle,0
UKLCH,NadinFrog,0
UKLCH,MommaTwexy,0
UKLCH,DonnaVita4,0
UKLCH,sithlord_zelda,0
UKLCH,bonnietylerfan5,0
UKLCH,Oh_Marie1,0
UKLCH,tweetNorvena,0
UKLCH,Anna55714043,0
jetemange_,JVCom,0
cat_magic3,UKLCH,0
cat_magic3,NGDAverk,0
cat_magic3,A_Darya79,0
cat_magic3,NiaNiam2,0
cat_magic3,Bonu19RC,0
cat_magic3,KingCarlyle_,0
cat_magic3,Paula_McCarlyle,0
cat_magic3,NadinFrog,0
cat_magic3,MommaTwexy,0
cat_magic3,DonnaVita4,0
cat_magic3,sithlord_zelda,0
cat_magic3,bonnietylerfan5,0
cat_magic3,Oh_Marie1,0
cat_magic3,tweetNorvena,0
cat_magic3,Anna55714043,0
infinity_tran,nerdist,0
cat_magic3,UKLCH,0
cat_magic3,NGDAverk,0
cat_magic3,A_Darya79,0
cat_magic3,NiaNiam2,0
cat_magic3,Bonu19RC,0
cat_magic3,KingCarlyle_,0
cat_magic3,Paula_McCarlyle,0
cat_magic3,NadinFrog,0
cat_magic3,MommaTwexy,0
cat_magic3,DonnaVita4,0
cat_magic3,sithlord_zelda,0
cat_magic3,bonnietylerfan5,0
cat_magic3,Oh_Marie1,0
cat_magic3,tweetNorvena,0
cat_magic3,Anna55714043,0
UKLCH,cat_magic3,0
UKLCH,NGDAverk,0
UKLCH,A_Darya79,0
UKLCH,NiaNiam2,0
UKLCH,Bonu19RC,0
UKLCH,KingCarlyle_,0
UKLCH,Paula_McCarlyle,0
UKLCH,NadinFrog,0
UKLCH,MommaTwexy,0
UKLCH,DonnaVita4,0
UKLCH,sithlord_zelda,0
UKLCH,bonnietylerfan5,0
UKLCH,Oh_Marie1,0
UKLCH,tweetNorvena,0
UKLCH,Anna55714043,0
cat_magic3,UKLCH,0
cat_magic3,NGDAverk,0
cat_magic3,A_Darya79,0
cat_magic3,NiaNiam2,0
cat_magic3,Bonu19RC,0
cat_magic3,KingCarlyle_,0
cat_magic3,Paula_McCarlyle,0
cat_magic3,NadinFrog,0
cat_magic3,MommaTwexy,0
cat_magic3,DonnaVita4,0
cat_magic3,sithlord_zelda,0
cat_magic3,bonnietylerfan5,0
cat_magic3,Oh_Marie1,0
cat_magic3,tweetNorvena,0
cat_magic3,Anna55714043,0
SkyGames17YT,nerdist,0
RhysClark97,Nibellion,0
UKLCH,cat_magic3,0
UKLCH,A_Darya79,0
UKLCH,NiaNiam2,0
UKLCH,NGDAverk,0
UKLCH,Bonu19RC,0
UKLCH,KingCarlyle_,0
UKLCH,Paula_McCarlyle,0
UKLCH,NadinFrog,0
UKLCH,MommaTwexy,0
UKLCH,DonnaVita4,0
UKLCH,sithlord_zelda,0
UKLCH,bonnietylerfan5,0
UKLCH,Oh_Marie1,0
UKLCH,tweetNorvena,0
UKLCH,Anna55714043,0
UKLCH,cat_magic3,0
UKLCH,NGDAverk,0
UKLCH,A_Darya79,0
UKLCH,NiaNiam2,0
UKLCH,Bonu19RC,0
UKLCH,KingCarlyle_,0
UKLCH,Paula_McCarlyle,0
UKLCH,NadinFrog,0
UKLCH,MommaTwexy,0
UKLCH,DonnaVita4,0
UKLCH,sithlord_zelda,0
UKLCH,bonnietylerfan5,0
UKLCH,Oh_Marie1,0
UKLCH,tweetNorvena,0
UKLCH,Anna55714043,0
Kaygun61ts,Zelda_king13,0
cat_magic3,UKLCH,0
cat_magic3,NGDAverk,0
cat_magic3,A_Darya79,0
cat_magic3,NiaNiam2,0
cat_magic3,Bonu19RC,0
cat_magic3,KingCarlyle_,0
cat_magic3,Paula_McCarlyle,0
cat_magic3,NadinFrog,0
cat_magic3,MommaTwexy,0
cat_magic3,DonnaVita4,0
cat_magic3,sithlord_zelda,0
cat_magic3,bonnietylerfan5,0
cat_magic3,Oh_Marie1,0
cat_magic3,tweetNorvena,0
cat_magic3,Anna55714043,0
UKLCH,cat_magic3,0
UKLCH,NGDAverk,0
UKLCH,A_Darya79,0
UKLCH,NiaNiam2,0
UKLCH,Bonu19RC,0
UKLCH,KingCarlyle_,0
UKLCH,Paula_McCarlyle,0
UKLCH,NadinFrog,0
UKLCH,MommaTwexy,0
UKLCH,DonnaVita4,0
UKLCH,sithlord_zelda,0
UKLCH,bonnietylerfan5,0
UKLCH,Oh_Marie1,0
UKLCH,tweetNorvena,0
UKLCH,Anna55714043,0
Magicblue940,nerdist,0
HewkoNatalia,Zelda_king13,0
HewkoNatalia,elonmusk,0
HewkoNatalia,elonmusk,0
naheliaverwest,JVCom,0
cat_magic3,NGDAverk,0
cat_magic3,UKLCH,0
cat_magic3,A_Darya79,0
cat_magic3,NiaNiam2,0
cat_magic3,Bonu19RC,0
cat_magic3,KingCarlyle_,0
cat_magic3,Paula_McCarlyle,0
cat_magic3,NadinFrog,0
cat_magic3,MommaTwexy,0
cat_magic3,DonnaVita4,0
cat_magic3,sithlord_zelda,0
cat_magic3,bonnietylerfan5,0
cat_magic3,Oh_Marie1,0
cat_magic3,tweetNorvena,0
cat_magic3,Anna55714043,0
UKLCH,NGDAverk,0
UKLCH,cat_magic3,0
UKLCH,A_Darya79,0
UKLCH,NiaNiam2,0
UKLCH,Bonu19RC,0
UKLCH,KingCarlyle_,0
UKLCH,Paula_McCarlyle,0
UKLCH,NadinFrog,0
UKLCH,MommaTwexy,0
UKLCH,DonnaVita4,0
UKLCH,sithlord_zelda,0
UKLCH,bonnietylerfan5,0
UKLCH,Oh_Marie1,0
UKLCH,tweetNorvena,0
UKLCH,Anna55714043,0
UKLCH,NiaNiam2,0
UKLCH,NGDAverk,0
UKLCH,cat_magic3,0
UKLCH,A_Darya79,0
UKLCH,Bonu19RC,0
UKLCH,KingCarlyle_,0
UKLCH,Paula_McCarlyle,0
UKLCH,NadinFrog,0
UKLCH,MommaTwexy,0
UKLCH,DonnaVita4,0
UKLCH,sithlord_zelda,0
UKLCH,bonnietylerfan5,0
UKLCH,Oh_Marie1,0
UKLCH,tweetNorvena,0
UKLCH,Anna55714043,0
cat_magic3,NGDAverk,0
cat_magic3,A_Darya79,0
cat_magic3,UKLCH,0
cat_magic3,NiaNiam2,0
cat_magic3,Bonu19RC,0
cat_magic3,KingCarlyle_,0
cat_magic3,Paula_McCarlyle,0
cat_magic3,NadinFrog,0
cat_magic3,MommaTwexy,0
cat_magic3,DonnaVita4,0
cat_magic3,sithlord_zelda,0
cat_magic3,bonnietylerfan5,0
cat_magic3,Oh_Marie1,0
cat_magic3,tweetNorvena,0
cat_magic3,Anna55714043,0
SpellTutorPlays,nerdist,0
NiaNiam2,NGDAverk,0
NiaNiam2,UKLCH,0
NiaNiam2,cat_magic3,0
NiaNiam2,A_Darya79,0
NiaNiam2,Bonu19RC,0
NiaNiam2,KingCarlyle_,0
NiaNiam2,Paula_McCarlyle,0
NiaNiam2,NadinFrog,0
NiaNiam2,MommaTwexy,0
NiaNiam2,DonnaVita4,0
NiaNiam2,sithlord_zelda,0
NiaNiam2,bonnietylerfan5,0
NiaNiam2,Oh_Marie1,0
NiaNiam2,tweetNorvena,0
NiaNiam2,Anna55714043,0
NiaNiam2,UKLCH,0
NiaNiam2,cat_magic3,0
NiaNiam2,A_Darya79,0
NiaNiam2,NGDAverk,0
NiaNiam2,Bonu19RC,0
NiaNiam2,KingCarlyle_,0
NiaNiam2,Paula_McCarlyle,0
NiaNiam2,NadinFrog,0
NiaNiam2,MommaTwexy,0
NiaNiam2,DonnaVita4,0
NiaNiam2,sithlord_zelda,0
NiaNiam2,bonnietylerfan5,0
NiaNiam2,Oh_Marie1,0
NiaNiam2,tweetNorvena,0
NiaNiam2,Anna55714043,0
NGDAverk,UKLCH,0
NGDAverk,cat_magic3,0
NGDAverk,A_Darya79,0
NGDAverk,NiaNiam2,0
NGDAverk,Bonu19RC,0
NGDAverk,KingCarlyle_,0
NGDAverk,Paula_McCarlyle,0
NGDAverk,NadinFrog,0
NGDAverk,MommaTwexy,0
NGDAverk,DonnaVita4,0
NGDAverk,sithlord_zelda,0
NGDAverk,bonnietylerfan5,0
NGDAverk,Oh_Marie1,0
NGDAverk,tweetNorvena,0
NGDAverk,Anna55714043,0
UKLCH,cat_magic3,0
UKLCH,A_Darya79,0
UKLCH,NiaNiam2,0
UKLCH,NGDAverk,0
UKLCH,Bonu19RC,0
UKLCH,KingCarlyle_,0
UKLCH,Paula_McCarlyle,0
UKLCH,NadinFrog,0
UKLCH,MommaTwexy,0
UKLCH,DonnaVita4,0
UKLCH,sithlord_zelda,0
UKLCH,bonnietylerfan5,0
UKLCH,Oh_Marie1,0
UKLCH,tweetNorvena,0
UKLCH,Anna55714043,0
Kaygun61ts,Zelda_king13,0
NGDAverk,UKLCH,0
NGDAverk,cat_magic3,0
NGDAverk,A_Darya79,0
NGDAverk,NiaNiam2,0
NGDAverk,Bonu19RC,0
NGDAverk,KingCarlyle_,0
NGDAverk,Paula_McCarlyle,0
NGDAverk,NadinFrog,0
NGDAverk,MommaTwexy,0
NGDAverk,DonnaVita4,0
NGDAverk,sithlord_zelda,0
NGDAverk,bonnietylerfan5,0
NGDAverk,Oh_Marie1,0
NGDAverk,tweetNorvena,0
NGDAverk,Anna55714043,0
UKLCH,NGDAverk,0
UKLCH,cat_magic3,0
UKLCH,A_Darya79,0
UKLCH,NiaNiam2,0
UKLCH,Bonu19RC,0
UKLCH,KingCarlyle_,0
UKLCH,Paula_McCarlyle,0
UKLCH,NadinFrog,0
UKLCH,MommaTwexy,0
UKLCH,DonnaVita4,0
UKLCH,sithlord_zelda,0
UKLCH,bonnietylerfan5,0
UKLCH,Oh_Marie1,0
UKLCH,tweetNorvena,0
UKLCH,Anna55714043,0
xMYHATREDx,GenesaurusRex,0
xMYHATREDx,xFatalHeartz,0
xMYHATREDx,xstex,0
xMYHATREDx,Scotland1509,0
UKLCH,NGDAverk,0
UKLCH,cat_magic3,0
UKLCH,A_Darya79,0
UKLCH,NiaNiam2,0
UKLCH,Bonu19RC,0
UKLCH,KingCarlyle_,0
UKLCH,Paula_McCarlyle,0
UKLCH,NadinFrog,0
UKLCH,MommaTwexy,0
UKLCH,DonnaVita4,0
UKLCH,sithlord_zelda,0
UKLCH,bonnietylerfan5,0
UKLCH,Oh_Marie1,0
UKLCH,tweetNorvena,0
UKLCH,Anna55714043,0
cat_magic3,A_Darya79,0
cat_magic3,UKLCH,0
cat_magic3,NiaNiam2,0
cat_magic3,NGDAverk,0
cat_magic3,Bonu19RC,0
cat_magic3,KingCarlyle_,0
cat_magic3,Paula_McCarlyle,0
cat_magic3,NadinFrog,0
cat_magic3,MommaTwexy,0
cat_magic3,DonnaVita4,0
cat_magic3,sithlord_zelda,0
cat_magic3,bonnietylerfan5,0
cat_magic3,Oh_Marie1,0
cat_magic3,tweetNorvena,0
cat_magic3,Anna55714043,0
NGDAverk,cat_magic3,0
NGDAverk,A_Darya79,0
NGDAverk,UKLCH,0
NGDAverk,NiaNiam2,0
NGDAverk,Bonu19RC,0
NGDAverk,KingCarlyle_,0
NGDAverk,Paula_McCarlyle,0
NGDAverk,NadinFrog,0
NGDAverk,MommaTwexy,0
NGDAverk,DonnaVita4,0
NGDAverk,sithlord_zelda,0
NGDAverk,bonnietylerfan5,0
NGDAverk,Oh_Marie1,0
NGDAverk,tweetNorvena,0
NGDAverk,Anna55714043,0
PetsWinter,Skeezard,0
NiaNiam2,cat_magic3,0
NiaNiam2,A_Darya79,0
NiaNiam2,UKLCH,0
NiaNiam2,NGDAverk,0
NiaNiam2,Bonu19RC,0
NiaNiam2,KingCarlyle_,0
NiaNiam2,Paula_McCarlyle,0
NiaNiam2,NadinFrog,0
NiaNiam2,MommaTwexy,0
NiaNiam2,DonnaVita4,0
NiaNiam2,sithlord_zelda,0
NiaNiam2,bonnietylerfan5,0
NiaNiam2,Oh_Marie1,0
NiaNiam2,tweetNorvena,0
NiaNiam2,Anna55714043,0
cat_magic3,NGDAverk,0
cat_magic3,A_Darya79,0
cat_magic3,UKLCH,0
cat_magic3,NiaNiam2,0
cat_magic3,Bonu19RC,0
cat_magic3,KingCarlyle_,0
cat_magic3,Paula_McCarlyle,0
cat_magic3,NadinFrog,0
cat_magic3,MommaTwexy,0
cat_magic3,DonnaVita4,0
cat_magic3,sithlord_zelda,0
cat_magic3,bonnietylerfan5,0
cat_magic3,Oh_Marie1,0
cat_magic3,tweetNorvena,0
cat_magic3,Anna55714043,0
NGDAverk,UKLCH,0
NGDAverk,cat_magic3,0
NGDAverk,A_Darya79,0
NGDAverk,NiaNiam2,0
NGDAverk,Bonu19RC,0
NGDAverk,KingCarlyle_,0
NGDAverk,Paula_McCarlyle,0
NGDAverk,NadinFrog,0
NGDAverk,MommaTwexy,0
NGDAverk,DonnaVita4,0
NGDAverk,sithlord_zelda,0
NGDAverk,bonnietylerfan5,0
NGDAverk,Oh_Marie1,0
NGDAverk,tweetNorvena,0
NGDAverk,Anna55714043,0
winksgaming,nintendolife,0
theWellRedMage,nintendolife,0
NGDAverk,cat_magic3,0
NGDAverk,A_Darya79,0
NGDAverk,UKLCH,0
NGDAverk,NiaNiam2,0
NGDAverk,Bonu19RC,0
NGDAverk,KingCarlyle_,0
NGDAverk,Paula_McCarlyle,0
NGDAverk,NadinFrog,0
NGDAverk,MommaTwexy,0
NGDAverk,DonnaVita4,0
NGDAverk,sithlord_zelda,0
NGDAverk,bonnietylerfan5,0
NGDAverk,Oh_Marie1,0
NGDAverk,tweetNorvena,0
NGDAverk,Anna55714043,0
YvoDreamcatcher,cat_magic3,0
YvoDreamcatcher,A_Darya79,0
YvoDreamcatcher,UKLCH,0
YvoDreamcatcher,NiaNiam2,0
YvoDreamcatcher,NGDAverk,0
YvoDreamcatcher,Bonu19RC,0
YvoDreamcatcher,KingCarlyle_,0
YvoDreamcatcher,Paula_McCarlyle,0
YvoDreamcatcher,NadinFrog,0
YvoDreamcatcher,MommaTwexy,0
YvoDreamcatcher,DonnaVita4,0
YvoDreamcatcher,sithlord_zelda,0
YvoDreamcatcher,bonnietylerfan5,0
YvoDreamcatcher,Oh_Marie1,0
YvoDreamcatcher,tweetNorvena,0
YvoDreamcatcher,Anna55714043,0
UKLCH,cat_magic3,0
UKLCH,A_Darya79,0
UKLCH,NiaNiam2,0
UKLCH,NGDAverk,0
UKLCH,Bonu19RC,0
UKLCH,KingCarlyle_,0
UKLCH,Paula_McCarlyle,0
UKLCH,NadinFrog,0
UKLCH,MommaTwexy,0
UKLCH,DonnaVita4,0
UKLCH,sithlord_zelda,0
UKLCH,bonnietylerfan5,0
UKLCH,Oh_Marie1,0
UKLCH,tweetNorvena,0
UKLCH,Anna55714043,0
cat_magic3,A_Darya79,0
cat_magic3,UKLCH,0
cat_magic3,NiaNiam2,0
cat_magic3,NGDAverk,0
cat_magic3,Bonu19RC,0
cat_magic3,KingCarlyle_,0
cat_magic3,Paula_McCarlyle,0
cat_magic3,NadinFrog,0
cat_magic3,MommaTwexy,0
cat_magic3,DonnaVita4,0
cat_magic3,sithlord_zelda,0
cat_magic3,bonnietylerfan5,0
cat_magic3,Oh_Marie1,0
cat_magic3,tweetNorvena,0
cat_magic3,Anna55714043,0
winksgaming,nintendolife,0
YvoDreamcatcher,cat_magic3,0
YvoDreamcatcher,A_Darya79,0
YvoDreamcatcher,UKLCH,0
YvoDreamcatcher,NiaNiam2,0
YvoDreamcatcher,NGDAverk,0
YvoDreamcatcher,Bonu19RC,0
YvoDreamcatcher,KingCarlyle_,0
YvoDreamcatcher,Paula_McCarlyle,0
YvoDreamcatcher,NadinFrog,0
YvoDreamcatcher,MommaTwexy,0
YvoDreamcatcher,DonnaVita4,0
YvoDreamcatcher,sithlord_zelda,0
YvoDreamcatcher,bonnietylerfan5,0
YvoDreamcatcher,Oh_Marie1,0
YvoDreamcatcher,tweetNorvena,0
YvoDreamcatcher,Anna55714043,0
sibumabena,joy_zelda,0
KekeMaxJr,joy_zelda,0
Tiii_Kayy,Zelda_king13,0
t_wicht,Zelda_king13,0
KekeMaxJr,joy_zelda,0
mightyyshrimp,MimiMerlot,0
mightyyshrimp,Bee_Zelda,0
MimiMerlot,Bee_Zelda,0
nathanl75,nintendolife,0
nathanl75,nintendolife,0
mightyyshrimp,MimiMerlot,0
mightyyshrimp,Bee_Zelda,0
MimiMerlot,Bee_Zelda,0
srht__ydm,JVCom,0
cat_magic3,A_Darya79,0
cat_magic3,UKLCH,0
cat_magic3,NiaNiam2,0
cat_magic3,NGDAverk,0
cat_magic3,Bonu19RC,0
cat_magic3,KingCarlyle_,0
cat_magic3,Paula_McCarlyle,0
cat_magic3,NadinFrog,0
cat_magic3,MommaTwexy,0
cat_magic3,DonnaVita4,0
cat_magic3,sithlord_zelda,0
cat_magic3,bonnietylerfan5,0
cat_magic3,Oh_Marie1,0
cat_magic3,tweetNorvena,0
cat_magic3,Anna55714043,0
loriell86,YouTube,0
little_red_dot,PenOfSmiting,0
little_red_dot,AcademicFoxhole,0
little_red_dot,Bee_Zelda,0
little_red_dot,Bee_Zelda,0
pine_the_apple,Zelda_king13,0
vahuxo94,Zelda_king13,0
mightyyshrimp,MimiMerlot,0
mightyyshrimp,Bee_Zelda,0
sibumabena,joy_zelda,0
Lucariboi,Ylaylee,0
cat_magic3,A_Darya79,0
cat_magic3,UKLCH,0
cat_magic3,NiaNiam2,0
cat_magic3,NGDAverk,0
cat_magic3,Bonu19RC,0
cat_magic3,KingCarlyle_,0
cat_magic3,Paula_McCarlyle,0
cat_magic3,NadinFrog,0
cat_magic3,MommaTwexy,0
cat_magic3,DonnaVita4,0
cat_magic3,sithlord_zelda,0
cat_magic3,bonnietylerfan5,0
cat_magic3,Oh_Marie1,0
cat_magic3,tweetNorvena,0
cat_magic3,Anna55714043,0
LoserMLW,MimiMerlot,0
LoserMLW,Bee_Zelda,0
NkocyVundla,joy_zelda,0
theWellRedMage,nintendolife,0
DeltaMusic9,Zelda_king13,0
DeltaMusic9,drecksuser,0
AntonioSassone7,AuroraBlogspot,0
AntonioSassone7,OndaCivica_EU,0
AntonioSassone7,Fata_Turch,0
AntonioSassone7,stefano_b_l,0
AntonioSassone7,CristianCar79,0
AntonioSassone7,robe_marc,0
AntonioSassone7,DANZAMPY,0
AntonioSassone7,salfasanop,0
AntonioSassone7,salcinz,0
AntonioSassone7,Agricolturabio1,0
AntonioSassone7,AnnaRagosta,0
AntonioSassone7,Zelda_51,0
AntonioSassone7,Ad2015Pasquino,0
AntonioSassone7,bb91687509,0
AntonioSassone7,roberto2_lamela,0
AntonioSassone7,webargentarius,0
DityDan,NintendoAmerica,0
DityDan,USJ_Official,0
zenath_cmbr,JVCom,0
JoseBer56296540,NintendoAmerica,0
JoseBer56296540,USJ_Official,0
PAESAR40,Zelda_king13,0
AuroraBlogspot,OndaCivica_EU,0
AuroraBlogspot,AntonioSassone7,0
AuroraBlogspot,Fata_Turch,0
AuroraBlogspot,stefano_b_l,0
AuroraBlogspot,CristianCar79,0
AuroraBlogspot,robe_marc,0
AuroraBlogspot,DANZAMPY,0
AuroraBlogspot,salfasanop,0
AuroraBlogspot,salcinz,0
AuroraBlogspot,Agricolturabio1,0
AuroraBlogspot,AnnaRagosta,0
AuroraBlogspot,Zelda_51,0
AuroraBlogspot,Ad2015Pasquino,0
AuroraBlogspot,bb91687509,0
AuroraBlogspot,roberto2_lamela,0
AuroraBlogspot,webargentarius,0
LIN72781459,NintendoAmerica,0
LIN72781459,USJ_Official,0
DityDan,NintendoAmerica,0
DityDan,USJ_Official,0
KabutoGroupChat,NintendoAmerica,0
KabutoGroupChat,USJ_Official,0
Baljeets_minion,NintendoAmerica,0
Baljeets_minion,USJ_Official,0
GenesaurusRex,xFatalHeartz,0
GenesaurusRex,xstex,0
GenesaurusRex,Scotland1509,0
PenOfSmiting,AcademicFoxhole,0
PenOfSmiting,little_red_dot,0
PenOfSmiting,Bee_Zelda,0
Iceblader20,nintendolife,0
Iceblader20,nintendolife,0
Skeezard,Skeezard,1
DurchBurch,NintendoAmerica,0
_ZeldaIsLife,MimiMerlot,0
_ZeldaIsLife,Bee_Zelda,0
camel_frost,Ylaylee,0
mohlalakabelo82,joy_zelda,0
KingPin_exz,Zelda_king13,0
Fleetingsanity8,Skeezard,0
Cosmicnat197,Ylaylee,0
sonofdavid777,nintendolife,0
MimiMerlot,Bee_Zelda,0
HonzyNfriends,NintendoAmerica,0
HonzyNfriends,YouTube,0
Billybalasta20,joy_zelda,0
Fleetingsanity8,Skeezard,0
srkmev,YouTube,0
BigusDickus987,Skeezard,0
Arab_Hitman,Zelda_king13,0
uisuitobuy,YouTube,0
Michael11191412,Ylaylee,0
MrMaxican,nerdist,0
aCeQxx,VideojuegosGAME,0
Billybalasta20,joy_zelda,0
jojocncrs,JVCom,0
PrissyOrcGF,Skeezard,0
amonies,nerdist,0
ChilligChillig7,Zelda_king13,0
Yumulef,JVCom,0
Skeezard,Skeezard,1
ThusoetsileG,joy_zelda,0
vix_fawx,Ylaylee,0
xMYHATREDx,xFatalHeartz,0
xMYHATREDx,xstex,0
xMYHATREDx,GenesaurusRex,0
xMYHATREDx,Scotland1509,0
JonathanJagmin,nintendolife,0
NGDAverk,UKLCH,0
NGDAverk,A_Darya79,0
NGDAverk,NiaNiam2,0
NGDAverk,Bonu19RC,0
NGDAverk,KingCarlyle_,0
NGDAverk,Paula_McCarlyle,0
NGDAverk,NadinFrog,0
NGDAverk,MommaTwexy,0
NGDAverk,cat_magic3,0
NGDAverk,DonnaVita4,0
NGDAverk,sithlord_zelda,0
NGDAverk,bonnietylerfan5,0
NGDAverk,Oh_Marie1,0
NGDAverk,tweetNorvena,0
NGDAverk,Anna55714043,0
squidjam,nintendolife,0
VasseEnzo,JVCom,0
YvoDreamcatcher,UKLCH,0
YvoDreamcatcher,A_Darya79,0
YvoDreamcatcher,NiaNiam2,0
YvoDreamcatcher,NGDAverk,0
YvoDreamcatcher,Bonu19RC,0
YvoDreamcatcher,KingCarlyle_,0
YvoDreamcatcher,Paula_McCarlyle,0
YvoDreamcatcher,NadinFrog,0
YvoDreamcatcher,MommaTwexy,0
YvoDreamcatcher,cat_magic3,0
YvoDreamcatcher,DonnaVita4,0
YvoDreamcatcher,sithlord_zelda,0
YvoDreamcatcher,bonnietylerfan5,0
YvoDreamcatcher,Oh_Marie1,0
YvoDreamcatcher,tweetNorvena,0
YvoDreamcatcher,Anna55714043,0
Sabelo_Ndaba_5,joy_zelda,0
gameplay_raw,YouTube,0
micou_15,JVCom,0
Ernesto52911110,Zelda_king13,0
Ernesto52911110,elonmusk,0
noxs010,joy_zelda,0
FLASKKY_WS,Ylaylee,0
ShMoR3S1,YouTube,0
xIvyMoonx,Ganondoodles,0
VanRengenGuill1,JVCom,0
fourche_jean,JVCom,0
Traenenlach,Zelda_king13,0
Traenenlach,drecksuser,0
DEDlCATEDSIDEB,YouTube,0
OtraVez1967,UKLCH,0
OtraVez1967,A_Darya79,0
OtraVez1967,NiaNiam2,0
OtraVez1967,NGDAverk,0
OtraVez1967,Bonu19RC,0
OtraVez1967,KingCarlyle_,0
OtraVez1967,Paula_McCarlyle,0
OtraVez1967,NadinFrog,0
OtraVez1967,MommaTwexy,0
OtraVez1967,cat_magic3,0
OtraVez1967,DonnaVita4,0
OtraVez1967,sithlord_zelda,0
OtraVez1967,bonnietylerfan5,0
OtraVez1967,Oh_Marie1,0
OtraVez1967,tweetNorvena,0
OtraVez1967,Anna55714043,0
JeremyBurk123,nintendolife,0
YvoDreamcatcher,UKLCH,0
YvoDreamcatcher,A_Darya79,0
YvoDreamcatcher,NiaNiam2,0
YvoDreamcatcher,NGDAverk,0
YvoDreamcatcher,Bonu19RC,0
YvoDreamcatcher,KingCarlyle_,0
YvoDreamcatcher,Paula_McCarlyle,0
YvoDreamcatcher,NadinFrog,0
YvoDreamcatcher,MommaTwexy,0
YvoDreamcatcher,cat_magic3,0
YvoDreamcatcher,DonnaVita4,0
YvoDreamcatcher,sithlord_zelda,0
YvoDreamcatcher,bonnietylerfan5,0
YvoDreamcatcher,Oh_Marie1,0
YvoDreamcatcher,tweetNorvena,0
YvoDreamcatcher,Anna55714043,0
rbillie,nerdist,0
Eternal_Saber,nintendolife,0
BellarDelik,Zelda_king13,0
BellarDelik,drecksuser,0
OtraVez1967,UKLCH,0
OtraVez1967,A_Darya79,0
OtraVez1967,NiaNiam2,0
OtraVez1967,NGDAverk,0
OtraVez1967,Bonu19RC,0
OtraVez1967,KingCarlyle_,0
OtraVez1967,Paula_McCarlyle,0
OtraVez1967,NadinFrog,0
OtraVez1967,MommaTwexy,0
OtraVez1967,cat_magic3,0
OtraVez1967,DonnaVita4,0
OtraVez1967,sithlord_zelda,0
OtraVez1967,bonnietylerfan5,0
OtraVez1967,Oh_Marie1,0
OtraVez1967,tweetNorvena,0
OtraVez1967,Anna55714043,0
tjamara_,Zelda_king13,0
tjamara_,drecksuser,0
BellarDelik,Zelda_king13,0
BellarDelik,drecksuser,0
YvoDreamcatcher,UKLCH,0
YvoDreamcatcher,A_Darya79,0
YvoDreamcatcher,NiaNiam2,0
YvoDreamcatcher,NGDAverk,0
YvoDreamcatcher,Bonu19RC,0
YvoDreamcatcher,KingCarlyle_,0
YvoDreamcatcher,Paula_McCarlyle,0
YvoDreamcatcher,NadinFrog,0
YvoDreamcatcher,MommaTwexy,0
YvoDreamcatcher,cat_magic3,0
YvoDreamcatcher,DonnaVita4,0
YvoDreamcatcher,sithlord_zelda,0
YvoDreamcatcher,bonnietylerfan5,0
YvoDreamcatcher,Oh_Marie1,0
YvoDreamcatcher,tweetNorvena,0
YvoDreamcatcher,Anna55714043,0
j21090,Ylaylee,0
oscar5head,Zelda_king13,0
tjamara_,Zelda_king13,0
tjamara_,drecksuser,0
cuteANDniceeee,Zelda_king13,0
BellarDelik,Zelda_king13,0
BellarDelik,drecksuser,0
fettebastard,Zelda_king13,0
fettebastard,drecksuser,0
Shane19131560,NintendoAmerica,0
Yunghahnkbm,Zelda_king13,0
Yunghahnkbm,drecksuser,0
OtraVez1967,Oh_Marie1,0
OtraVez1967,UKLCH,0
OtraVez1967,A_Darya79,0
OtraVez1967,NiaNiam2,0
OtraVez1967,NGDAverk,0
OtraVez1967,Bonu19RC,0
OtraVez1967,KingCarlyle_,0
OtraVez1967,Paula_McCarlyle,0
OtraVez1967,NadinFrog,0
OtraVez1967,MommaTwexy,0
OtraVez1967,cat_magic3,0
OtraVez1967,DonnaVita4,0
OtraVez1967,sithlord_zelda,0
OtraVez1967,bonnietylerfan5,0
OtraVez1967,tweetNorvena,0
OtraVez1967,Anna55714043,0
cuteANDniceeee,Zelda_king13,0
amielolivier1,JVCom,0
JJuniorApe,NintendoAmerica,0
TheHunter207,Zelda_king13,0
TheHunter207,drecksuser,0
chrillcast,Ylaylee,0
zmeister100,Ylaylee,0
mrelgasso,Zelda_king13,0
mrelgasso,YungGlurak,0
nikluc2718,Zelda_king13,0
nikluc2718,drecksuser,0
Azzavhar,Ylaylee,0
Mammut_Manfred,Zelda_king13,0
Mammut_Manfred,drecksuser,0
samtend018,Zelda_king13,0
samtend018,drecksuser,0
DerBlauling,Zelda_king13,0
DerBlauling,drecksuser,0
GelbeKarotti,Zelda_king13,0
GelbeKarotti,drecksuser,0
tjamara_,Zelda_king13,0
tjamara_,drecksuser,0
Number1MakeItSo,nerdist,0
tjamara_,Zelda_king13,0
tjamara_,drecksuser,0
tjamara_,Zelda_king13,0
tjamara_,drecksuser,0
YvoDreamcatcher,Oh_Marie1,0
YvoDreamcatcher,UKLCH,0
YvoDreamcatcher,A_Darya79,0
YvoDreamcatcher,NiaNiam2,0
YvoDreamcatcher,NGDAverk,0
YvoDreamcatcher,Bonu19RC,0
YvoDreamcatcher,KingCarlyle_,0
YvoDreamcatcher,Paula_McCarlyle,0
YvoDreamcatcher,NadinFrog,0
YvoDreamcatcher,MommaTwexy,0
YvoDreamcatcher,cat_magic3,0
YvoDreamcatcher,DonnaVita4,0
YvoDreamcatcher,sithlord_zelda,0
YvoDreamcatcher,bonnietylerfan5,0
YvoDreamcatcher,tweetNorvena,0
YvoDreamcatcher,Anna55714043,0
tjamara_,Zelda_king13,0
tjamara_,drecksuser,0
drecksuser,Zelda_king13,0
drecksuser,YungGlurak,0
